2026-06-02 10:35:33,241 - INFO - Movie requested: 1
2026-06-02 10:35:33,310 - INFO - Recommendations for movie 1: ['Jumanji: Welcome to the Jungle (2017)', 'Toy Story (1995)', 'Return of Jafar, The (1994)', 'Mortal Kombat (1995)', 'Ninja Scroll (Jûbei ninpûchô) (1995)', 'Tall Tale (1995)', 'Sword of the Stranger (Sutorejia: Mukô hadan) (2007)', 'Indian in the Cupboard, The (1995)', 'NeverEnding Story III, The (1994)', 'Beyond Rangoon (1995)']
2026-06-02 10:35:43,759 - INFO - Movie requested: 12
2026-06-02 10:35:43,819 - INFO - Recommendations for movie 12: ['Coco (2017)', 'Luxo Jr. (1986)', 'Toy Story (1995)', 'Goofy Movie, A (1995)', 'Dragon Ball Z: Broly Second Coming (Doragon bôru Z 10: Kiken na futari! Sûpâ senshi wa nemurenai) (1994)', 'Up (2009)', 'Dragon Ball Z: Bojack Unbound (Doragon bôru Z 9: Ginga girigiri!! Butchigiri no sugoi yatsu) (1993)', 'Dragon Ball: Mystical Adventure (Doragon bôru: Makafushigi dai bôken) (1988)', 'Dragon Ball: The Path to Power (Doragon bôru: Saikyô e no michi) (1996)', 'Rollo and the Woods Sprite (Rölli ja metsänhenki) (2001)']
2026-06-02 21:17:51,099 - INFO - Movie requested: 1
2026-06-02 21:17:51,203 - INFO - Recommendations for movie 1: ['Jumanji: Welcome to the Jungle (2017)', 'Toy Story (1995)', 'Return of Jafar, The (1994)', 'Mortal Kombat (1995)', 'Ninja Scroll (Jûbei ninpûchô) (1995)', 'Tall Tale (1995)', 'Sword of the Stranger (Sutorejia: Mukô hadan) (2007)', 'Indian in the Cupboard, The (1995)', 'NeverEnding Story III, The (1994)', 'Beyond Rangoon (1995)']
2026-06-02 21:17:51,204 - INFO - movie_id=1, latency=0.104s
2026-06-02 21:18:36,045 - INFO - Movie requested: 2
2026-06-02 21:18:36,077 - INFO - Recommendations for movie 2: ['Grumpy Old Men (1993)', 'Clueless (1995)', 'Jerky Boys, The (1995)', 'Nine Months (1995)', 'Man of the House (1995)', 'Mallrats (1995)', 'Seems Like Old Times (1980)', 'Two Much (1995)', 'Something to Talk About (1995)', 'Man Up (2015)']
2026-06-02 21:18:36,078 - INFO - movie_id=2, latency=0.03s
2026-06-02 21:18:43,568 - INFO - Movie requested: 3
2026-06-02 21:18:43,608 - INFO - Recommendations for movie 3: ['Smoke (1995)', 'To Die For (1995)', 'Nine Months (1995)', 'Something to Talk About (1995)', 'Waiting for Guffman (1996)', 'While You Were Sleeping (1995)', 'French Kiss (1995)', 'Waiting... (2005)', 'Kicking and Screaming (1995)', 'Mallrats (1995)']
2026-06-02 21:18:43,609 - INFO - movie_id=3, latency=0.039s
2026-06-02 21:18:50,989 - INFO - Movie requested: 4
2026-06-02 21:18:51,026 - INFO - Recommendations for movie 4: ['Father of the Bride (1991)', 'Father of the Bride (1950)', 'Mother (1996)', "My Best Friend's Wedding (1997)", "Muriel's Wedding (1994)", 'Our Family Wedding (2010)', "Fathers' Day (1997)", 'Life with Father (1947)', "Betsy's Wedding (1990)", 'Bridesmaids (2011)']
2026-06-02 21:18:51,026 - INFO - movie_id=4, latency=0.036s
2026-06-02 21:18:59,196 - INFO - Movie requested: 10
2026-06-02 21:18:59,247 - INFO - Recommendations for movie 10: ['Something to Talk About (1995)', 'Dead Presidents (1995)', 'Bushwhacked (1995)', 'Clueless (1995)', 'Nixon (1995)', 'Nine Months (1995)', 'Incredibly True Adventure of Two Girls in Love, The (1995)', 'French Kiss (1995)', 'My Fellow Americans (1996)', 'Forget Paris (1995)']
2026-06-02 21:18:59,248 - INFO - movie_id=10, latency=0.05s
2026-06-02 21:19:13,519 - INFO - Movie requested: 11
2026-06-02 21:19:13,550 - INFO - Recommendations for movie 11: ['Vampire in Brooklyn (1995)', 'To Die For (1995)', 'Dracula Untold (2014)', 'Dracula 2000 (2000)', "Dracula (Bram Stoker's Dracula) (1992)", 'Fracchia contro Dracula (1985)', 'Interview with the Vampire: The Vampire Chronicles (1994)', 'Underworld (1996)', 'Castle Freak (1995)', 'Horror of Dracula (Dracula) (1958)']
2026-06-02 21:19:13,550 - INFO - movie_id=11, latency=0.032s
2026-06-02 21:35:54,752 - INFO - Movie requested: 11
2026-06-02 21:35:54,771 - INFO - Recommendations for movie 11: ['Something to Talk About (1995)', 'Dead Presidents (1995)', 'Bushwhacked (1995)', 'Clueless (1995)', 'Nixon (1995)', 'Nine Months (1995)', 'Incredibly True Adventure of Two Girls in Love, The (1995)', 'French Kiss (1995)', 'My Fellow Americans (1996)', 'Forget Paris (1995)']
2026-06-02 21:35:54,771 - INFO - movie_id=11, latency=0.018s
2026-06-02 21:36:01,588 - INFO - Movie requested: 1
2026-06-02 21:36:01,593 - INFO - Recommendations for movie 1: ['Toy Story 2 (1999)', 'Goofy Movie, A (1995)', 'Toy Story 3 (2010)', 'Toys (1992)', 'The Lego Movie (2014)', 'Jumanji (1995)', 'Peanuts Movie, The (2015)', 'Tall Tale (1995)', 'Toy, The (1982)', 'Kids (1995)']
2026-06-02 21:36:01,593 - INFO - movie_id=1, latency=0.005s
2026-06-03 21:02:30,838 - INFO - Movie requested: 1
2026-06-03 21:02:30,842 - INFO - Recommendations for movie 1: ['Toy Story 2 (1999)', 'Goofy Movie, A (1995)', 'Toy Story 3 (2010)', 'Toys (1992)', 'The Lego Movie (2014)', 'Jumanji (1995)', 'Peanuts Movie, The (2015)', 'Tall Tale (1995)', 'Toy, The (1982)', 'Kids (1995)']
2026-06-03 21:02:30,842 - INFO - movie_id=1, latency=0.003s
2026-06-03 21:03:05,569 - INFO - Movie requested: 2
2026-06-03 21:03:05,572 - INFO - Recommendations for movie 2: ['Jumanji: Welcome to the Jungle (2017)', 'Toy Story (1995)', 'Return of Jafar, The (1994)', 'Mortal Kombat (1995)', 'Ninja Scroll (Jûbei ninpûchô) (1995)', 'Tall Tale (1995)', 'Sword of the Stranger (Sutorejia: Mukô hadan) (2007)', 'Indian in the Cupboard, The (1995)', 'NeverEnding Story III, The (1994)', 'Beyond Rangoon (1995)']
2026-06-03 21:03:05,572 - INFO - movie_id=2, latency=0.002s
2026-06-03 21:03:11,252 - INFO - Movie requested: 3
2026-06-03 21:03:11,252 - INFO - Recommendations for movie 3: ['Grumpy Old Men (1993)', 'Clueless (1995)', 'Jerky Boys, The (1995)', 'Nine Months (1995)', 'Man of the House (1995)', 'Mallrats (1995)', 'Seems Like Old Times (1980)', 'Two Much (1995)', 'Something to Talk About (1995)', 'Man Up (2015)']
2026-06-03 21:03:11,252 - INFO - movie_id=3, latency=0.0s
2026-06-03 21:11:49,199 - INFO - Movie requested: 3
2026-06-03 21:11:49,203 - INFO - Recommendations for movie 3: ['Grumpy Old Men (1993)', 'Clueless (1995)', 'Jerky Boys, The (1995)', 'Nine Months (1995)', 'Man of the House (1995)', 'Mallrats (1995)', 'Seems Like Old Times (1980)', 'Two Much (1995)', 'Something to Talk About (1995)', 'Man Up (2015)']
2026-06-03 21:11:49,203 - INFO - movie_id=3, latency=0.003s
2026-06-03 22:17:30,110 - INFO - Recommendations requested for user: 101
2026-06-03 22:17:30,121 - INFO - Recommendations for user 101: [{'movieId': 148, 'title': 'Awfully Big Adventure, An (1995)', 'genres': 'Drama'}, {'movieId': 149, 'title': 'Amateur (1994)', 'genres': 'Crime|Drama|Thriller'}, {'movieId': 92192, 'title': 'Apollo 18 (2011)', 'genres': 'Horror|Sci-Fi|Thriller'}, {'movieId': 198, 'title': 'Strange Days (1995)', 'genres': 'Action|Crime|Drama|Mystery|Sci-Fi|Thriller'}, {'movieId': 456, 'title': 'Fresh (1994)', 'genres': 'Crime|Drama|Thriller'}, {'movieId': 51357, 'title': 'Citizen X (1995)', 'genres': 'Crime|Drama|Thriller'}, {'movieId': 257, 'title': 'Just Cause (1995)', 'genres': 'Mystery|Thriller'}, {'movieId': 190, 'title': 'Safe (1995)', 'genres': 'Thriller'}, {'movieId': 280, 'title': 'Murder in the First (1995)', 'genres': 'Drama|Thriller'}, {'movieId': 175, 'title': 'Kids (1995)', 'genres': 'Drama'}]
2026-06-03 22:18:03,906 - INFO - Recommendations requested for user: 101
2026-06-03 22:18:03,916 - INFO - Recommendations for user 101: [{'movieId': 148, 'title': 'Awfully Big Adventure, An (1995)', 'genres': 'Drama'}, {'movieId': 149, 'title': 'Amateur (1994)', 'genres': 'Crime|Drama|Thriller'}, {'movieId': 92192, 'title': 'Apollo 18 (2011)', 'genres': 'Horror|Sci-Fi|Thriller'}, {'movieId': 198, 'title': 'Strange Days (1995)', 'genres': 'Action|Crime|Drama|Mystery|Sci-Fi|Thriller'}, {'movieId': 456, 'title': 'Fresh (1994)', 'genres': 'Crime|Drama|Thriller'}, {'movieId': 51357, 'title': 'Citizen X (1995)', 'genres': 'Crime|Drama|Thriller'}, {'movieId': 257, 'title': 'Just Cause (1995)', 'genres': 'Mystery|Thriller'}, {'movieId': 190, 'title': 'Safe (1995)', 'genres': 'Thriller'}, {'movieId': 280, 'title': 'Murder in the First (1995)', 'genres': 'Drama|Thriller'}, {'movieId': 175, 'title': 'Kids (1995)', 'genres': 'Drama'}]
2026-06-03 22:19:18,223 - INFO - Recommendations requested for user: 101
2026-06-03 22:19:18,233 - INFO - Recommendations for user 101: [{'movieId': 148, 'title': 'Awfully Big Adventure, An (1995)', 'genres': 'Drama'}, {'movieId': 149, 'title': 'Amateur (1994)', 'genres': 'Crime|Drama|Thriller'}, {'movieId': 92192, 'title': 'Apollo 18 (2011)', 'genres': 'Horror|Sci-Fi|Thriller'}, {'movieId': 198, 'title': 'Strange Days (1995)', 'genres': 'Action|Crime|Drama|Mystery|Sci-Fi|Thriller'}, {'movieId': 456, 'title': 'Fresh (1994)', 'genres': 'Crime|Drama|Thriller'}, {'movieId': 51357, 'title': 'Citizen X (1995)', 'genres': 'Crime|Drama|Thriller'}, {'movieId': 257, 'title': 'Just Cause (1995)', 'genres': 'Mystery|Thriller'}, {'movieId': 190, 'title': 'Safe (1995)', 'genres': 'Thriller'}, {'movieId': 280, 'title': 'Murder in the First (1995)', 'genres': 'Drama|Thriller'}, {'movieId': 175, 'title': 'Kids (1995)', 'genres': 'Drama'}]
2026-06-03 22:19:18,233 - INFO - user_id=101, latency=0.01005s
2026-06-03 22:19:26,000 - INFO - Recommendations requested for user: 102
2026-06-03 22:19:26,011 - INFO - Recommendations for user 102: [{'movieId': 185, 'title': 'Net, The (1995)', 'genres': 'Action|Crime|Thriller'}, {'movieId': 198, 'title': 'Strange Days (1995)', 'genres': 'Action|Crime|Drama|Mystery|Sci-Fi|Thriller'}, {'movieId': 31367, 'title': 'Chase, The (1994)', 'genres': 'Action|Adventure|Comedy|Crime|Romance|Thriller'}, {'movieId': 145, 'title': 'Bad Boys (1995)', 'genres': 'Action|Comedy|Crime|Drama|Thriller'}, {'movieId': 16, 'title': 'Casino (1995)', 'genres': 'Crime|Drama'}, {'movieId': 3046, 'title': 'Incredibly True Adventure of Two Girls in Love, The (1995)', 'genres': 'Comedy|Romance'}, {'movieId': 89, 'title': 'Nick of Time (1995)', 'genres': 'Action|Thriller'}, {'movieId': 459, 'title': 'Getaway, The (1994)', 'genres': 'Action|Adventure|Crime|Drama|Romance|Thriller'}, {'movieId': 148, 'title': 'Awfully Big Adventure, An (1995)', 'genres': 'Drama'}, {'movieId': 45, 'title': 'To Die For (1995)', 'genres': 'Comedy|Drama|Thriller'}]
2026-06-03 22:19:26,011 - INFO - user_id=102, latency=0.01069s
2026-06-03 22:20:23,280 - INFO - Recommendations requested for user: 102
2026-06-03 22:20:23,287 - INFO - Recommendations for user 102: [{'movieId': 19, 'title': 'Ace Ventura: When Nature Calls (1995)', 'genres': 'Comedy'}, {'movieId': 14, 'title': 'Nixon (1995)', 'genres': 'Drama'}, {'movieId': 9, 'title': 'Sudden Death (1995)', 'genres': 'Action'}, {'movieId': 156, 'title': 'Blue in the Face (1995)', 'genres': 'Comedy|Drama'}, {'movieId': 118, 'title': 'If Lucy Fell (1996)', 'genres': 'Comedy|Romance'}, {'movieId': 80, 'title': 'White Balloon, The (Badkonake sefid) (1995)', 'genres': 'Children|Drama'}, {'movieId': 121, 'title': 'Boys of St. Vincent, The (1992)', 'genres': 'Drama'}, {'movieId': 41, 'title': 'Richard III (1995)', 'genres': 'Drama|War'}, {'movieId': 21, 'title': 'Get Shorty (1995)', 'genres': 'Comedy|Crime|Thriller'}, {'movieId': 263, 'title': 'Ladybird Ladybird (1994)', 'genres': 'Drama'}]
2026-06-03 22:20:23,287 - INFO - user_id=102, latency=0.00521s
2026-06-03 22:20:47,040 - INFO - Movie requested: 30
2026-06-03 22:20:47,040 - ERROR - movie_id=30, error=name 'get_similar_movies' is not defined
2026-06-03 22:20:52,815 - INFO - Movie requested: 4
2026-06-03 22:20:52,815 - ERROR - movie_id=4, error=name 'get_similar_movies' is not defined
2026-06-03 22:20:55,958 - INFO - Movie requested: 4
2026-06-03 22:20:55,958 - ERROR - movie_id=4, error=name 'get_similar_movies' is not defined
2026-06-03 22:21:23,238 - INFO - Movie requested: 4
2026-06-03 22:21:23,266 - INFO - Recommendations for movie 4: ['Father of the Bride (1991)', 'Father of the Bride (1950)', 'Mother (1996)', "My Best Friend's Wedding (1997)", "Muriel's Wedding (1994)", 'Our Family Wedding (2010)', "Fathers' Day (1997)", 'Life with Father (1947)', "Betsy's Wedding (1990)", 'Bridesmaids (2011)']
2026-06-03 22:21:23,266 - INFO - movie_id=4, latency=0.02791s
2026-06-03 22:21:27,445 - INFO - Movie requested: 30
2026-06-03 22:21:27,472 - INFO - Recommendations for movie 30: ['Safe (1995)', 'Dangerous Ground (1997)', 'Fearless (1993)', 'Kids (1995)', 'Clear and Present Danger (1994)', 'Drunks (1995)', 'Heavy (1995)', 'Reckless (1995)', 'Runaway Brain (1995) ', 'Addiction, The (1995)']
2026-06-03 22:21:27,473 - INFO - movie_id=30, latency=0.02733s
2026-06-03 22:25:16,764 - INFO - Recommendations requested for user: 101
2026-06-03 22:25:16,768 - INFO - Recommendations for user 101: [{'movieId': 123, 'title': 'Chungking Express (Chung Hing sam lam) (1994)', 'genres': 'Drama|Mystery|Romance'}, {'movieId': 88, 'title': 'Black Sheep (1996)', 'genres': 'Comedy'}, {'movieId': 46, 'title': 'How to Make an American Quilt (1995)', 'genres': 'Drama|Romance'}, {'movieId': 121, 'title': 'Boys of St. Vincent, The (1992)', 'genres': 'Drama'}, {'movieId': 122, 'title': 'Boomerang (1992)', 'genres': 'Comedy|Romance'}, {'movieId': 6424, 'title': 'Oscar (1991)', 'genres': 'Comedy|Crime|Mystery|Romance'}, {'movieId': 161, 'title': 'Crimson Tide (1995)', 'genres': 'Drama|Thriller|War'}, {'movieId': 242, 'title': 'Farinelli: il castrato (1994)', 'genres': 'Drama|Musical'}, {'movieId': 147, 'title': 'Basketball Diaries, The (1995)', 'genres': 'Drama'}, {'movieId': 9, 'title': 'Sudden Death (1995)', 'genres': 'Action'}]
2026-06-03 22:25:16,774 - INFO - user_id=101, latency=0.00441s
2026-06-03 22:25:31,906 - INFO - Recommendations requested for user: 102
2026-06-03 22:25:31,914 - INFO - Recommendations for user 102: [{'movieId': 19, 'title': 'Ace Ventura: When Nature Calls (1995)', 'genres': 'Comedy'}, {'movieId': 14, 'title': 'Nixon (1995)', 'genres': 'Drama'}, {'movieId': 9, 'title': 'Sudden Death (1995)', 'genres': 'Action'}, {'movieId': 156, 'title': 'Blue in the Face (1995)', 'genres': 'Comedy|Drama'}, {'movieId': 118, 'title': 'If Lucy Fell (1996)', 'genres': 'Comedy|Romance'}, {'movieId': 80, 'title': 'White Balloon, The (Badkonake sefid) (1995)', 'genres': 'Children|Drama'}, {'movieId': 121, 'title': 'Boys of St. Vincent, The (1992)', 'genres': 'Drama'}, {'movieId': 41, 'title': 'Richard III (1995)', 'genres': 'Drama|War'}, {'movieId': 21, 'title': 'Get Shorty (1995)', 'genres': 'Comedy|Crime|Thriller'}, {'movieId': 263, 'title': 'Ladybird Ladybird (1994)', 'genres': 'Drama'}]
2026-06-03 22:25:31,914 - INFO - user_id=102, latency=0.00727s
2026-06-03 22:25:38,042 - INFO - Recommendations requested for user: 102
2026-06-03 22:25:38,045 - INFO - Recommendations for user 102: [{'movieId': 19, 'title': 'Ace Ventura: When Nature Calls (1995)', 'genres': 'Comedy'}, {'movieId': 14, 'title': 'Nixon (1995)', 'genres': 'Drama'}, {'movieId': 9, 'title': 'Sudden Death (1995)', 'genres': 'Action'}, {'movieId': 156, 'title': 'Blue in the Face (1995)', 'genres': 'Comedy|Drama'}, {'movieId': 118, 'title': 'If Lucy Fell (1996)', 'genres': 'Comedy|Romance'}, {'movieId': 80, 'title': 'White Balloon, The (Badkonake sefid) (1995)', 'genres': 'Children|Drama'}, {'movieId': 121, 'title': 'Boys of St. Vincent, The (1992)', 'genres': 'Drama'}, {'movieId': 41, 'title': 'Richard III (1995)', 'genres': 'Drama|War'}, {'movieId': 21, 'title': 'Get Shorty (1995)', 'genres': 'Comedy|Crime|Thriller'}, {'movieId': 263, 'title': 'Ladybird Ladybird (1994)', 'genres': 'Drama'}]
2026-06-03 22:25:38,045 - INFO - user_id=102, latency=0.00301s
2026-06-03 22:25:42,717 - INFO - Recommendations requested for user: 102
2026-06-03 22:25:42,726 - INFO - Recommendations for user 102: [{'movieId': 19, 'title': 'Ace Ventura: When Nature Calls (1995)', 'genres': 'Comedy'}, {'movieId': 14, 'title': 'Nixon (1995)', 'genres': 'Drama'}, {'movieId': 9, 'title': 'Sudden Death (1995)', 'genres': 'Action'}, {'movieId': 156, 'title': 'Blue in the Face (1995)', 'genres': 'Comedy|Drama'}, {'movieId': 118, 'title': 'If Lucy Fell (1996)', 'genres': 'Comedy|Romance'}, {'movieId': 80, 'title': 'White Balloon, The (Badkonake sefid) (1995)', 'genres': 'Children|Drama'}, {'movieId': 121, 'title': 'Boys of St. Vincent, The (1992)', 'genres': 'Drama'}, {'movieId': 41, 'title': 'Richard III (1995)', 'genres': 'Drama|War'}, {'movieId': 21, 'title': 'Get Shorty (1995)', 'genres': 'Comedy|Crime|Thriller'}, {'movieId': 263, 'title': 'Ladybird Ladybird (1994)', 'genres': 'Drama'}]
2026-06-03 22:25:42,726 - INFO - user_id=102, latency=0.00665s
2026-06-03 22:45:12,014 - INFO - Recommendations requested for user: 102
2026-06-03 22:45:12,039 - INFO - Recommendations for user 102: [{'movieId': 19, 'title': 'Ace Ventura: When Nature Calls (1995)', 'genres': 'Comedy'}, {'movieId': 14, 'title': 'Nixon (1995)', 'genres': 'Drama'}, {'movieId': 9, 'title': 'Sudden Death (1995)', 'genres': 'Action'}, {'movieId': 156, 'title': 'Blue in the Face (1995)', 'genres': 'Comedy|Drama'}, {'movieId': 118, 'title': 'If Lucy Fell (1996)', 'genres': 'Comedy|Romance'}, {'movieId': 80, 'title': 'White Balloon, The (Badkonake sefid) (1995)', 'genres': 'Children|Drama'}, {'movieId': 121, 'title': 'Boys of St. Vincent, The (1992)', 'genres': 'Drama'}, {'movieId': 41, 'title': 'Richard III (1995)', 'genres': 'Drama|War'}, {'movieId': 21, 'title': 'Get Shorty (1995)', 'genres': 'Comedy|Crime|Thriller'}, {'movieId': 263, 'title': 'Ladybird Ladybird (1994)', 'genres': 'Drama'}]
2026-06-03 22:45:12,040 - INFO - user_id=102, latency=0.02482s
2026-06-03 22:45:22,064 - INFO - Recommendations requested for user: 102
2026-06-03 22:45:22,071 - INFO - Recommendations for user 102: [{'movieId': 19, 'title': 'Ace Ventura: When Nature Calls (1995)', 'genres': 'Comedy'}, {'movieId': 14, 'title': 'Nixon (1995)', 'genres': 'Drama'}, {'movieId': 9, 'title': 'Sudden Death (1995)', 'genres': 'Action'}, {'movieId': 156, 'title': 'Blue in the Face (1995)', 'genres': 'Comedy|Drama'}, {'movieId': 118, 'title': 'If Lucy Fell (1996)', 'genres': 'Comedy|Romance'}, {'movieId': 80, 'title': 'White Balloon, The (Badkonake sefid) (1995)', 'genres': 'Children|Drama'}, {'movieId': 121, 'title': 'Boys of St. Vincent, The (1992)', 'genres': 'Drama'}, {'movieId': 41, 'title': 'Richard III (1995)', 'genres': 'Drama|War'}, {'movieId': 21, 'title': 'Get Shorty (1995)', 'genres': 'Comedy|Crime|Thriller'}, {'movieId': 263, 'title': 'Ladybird Ladybird (1994)', 'genres': 'Drama'}]
2026-06-03 22:45:22,071 - INFO - user_id=102, latency=0.00642s
2026-06-03 22:48:41,761 - INFO - Recommendations requested for user: 102
2026-06-03 22:48:50,739 - INFO - Recommendations requested for user: 102
2026-06-03 22:48:59,633 - INFO - Recommendations requested for user: 101
2026-06-03 22:49:30,108 - ERROR - user_id=102, error=Error 10061 connecting to localhost:6379. No connection could be made because the target machine actively refused it.
2026-06-03 22:49:39,297 - ERROR - user_id=102, error=Error 10061 connecting to localhost:6379. No connection could be made because the target machine actively refused it.
2026-06-03 22:49:48,241 - ERROR - user_id=101, error=Error 10061 connecting to localhost:6379. No connection could be made because the target machine actively refused it.
2026-06-03 22:53:04,516 - INFO - Recommendations requested for user: 101
2026-06-03 22:53:52,826 - ERROR - user_id=101, error=Error 10061 connecting to localhost:6379. No connection could be made because the target machine actively refused it.
2026-06-04 21:13:50,984 - INFO - Movie requested: 1
2026-06-04 21:13:51,069 - INFO - Recommendations for movie 1: ['Jumanji: Welcome to the Jungle (2017)', 'Toy Story (1995)', 'Return of Jafar, The (1994)', 'Mortal Kombat (1995)', 'Ninja Scroll (Jûbei ninpûchô) (1995)', 'Tall Tale (1995)', 'Sword of the Stranger (Sutorejia: Mukô hadan) (2007)', 'Indian in the Cupboard, The (1995)', 'NeverEnding Story III, The (1994)', 'Beyond Rangoon (1995)']
2026-06-04 21:13:51,069 - INFO - movie_id=1, latency=0.08471s
2026-06-04 21:14:01,119 - INFO - Recommendations requested for user: 101
2026-06-04 21:14:03,200 - INFO - Recommendations for user 101: [{'movieId': 123, 'title': 'Chungking Express (Chung Hing sam lam) (1994)', 'genres': 'Drama|Mystery|Romance'}, {'movieId': 88, 'title': 'Black Sheep (1996)', 'genres': 'Comedy'}, {'movieId': 46, 'title': 'How to Make an American Quilt (1995)', 'genres': 'Drama|Romance'}, {'movieId': 121, 'title': 'Boys of St. Vincent, The (1992)', 'genres': 'Drama'}, {'movieId': 122, 'title': 'Boomerang (1992)', 'genres': 'Comedy|Romance'}, {'movieId': 6424, 'title': 'Oscar (1991)', 'genres': 'Comedy|Crime|Mystery|Romance'}, {'movieId': 161, 'title': 'Crimson Tide (1995)', 'genres': 'Drama|Thriller|War'}, {'movieId': 242, 'title': 'Farinelli: il castrato (1994)', 'genres': 'Drama|Musical'}, {'movieId': 147, 'title': 'Basketball Diaries, The (1995)', 'genres': 'Drama'}, {'movieId': 9, 'title': 'Sudden Death (1995)', 'genres': 'Action'}]
2026-06-04 21:14:03,200 - INFO - user_id=101, latency=2.08123s
2026-06-04 21:14:09,421 - INFO - Recommendations requested for user: 101
2026-06-04 21:14:09,433 - INFO - Recommendations for user 101: [{'movieId': 123, 'title': 'Chungking Express (Chung Hing sam lam) (1994)', 'genres': 'Drama|Mystery|Romance'}, {'movieId': 88, 'title': 'Black Sheep (1996)', 'genres': 'Comedy'}, {'movieId': 46, 'title': 'How to Make an American Quilt (1995)', 'genres': 'Drama|Romance'}, {'movieId': 121, 'title': 'Boys of St. Vincent, The (1992)', 'genres': 'Drama'}, {'movieId': 122, 'title': 'Boomerang (1992)', 'genres': 'Comedy|Romance'}, {'movieId': 6424, 'title': 'Oscar (1991)', 'genres': 'Comedy|Crime|Mystery|Romance'}, {'movieId': 161, 'title': 'Crimson Tide (1995)', 'genres': 'Drama|Thriller|War'}, {'movieId': 242, 'title': 'Farinelli: il castrato (1994)', 'genres': 'Drama|Musical'}, {'movieId': 147, 'title': 'Basketball Diaries, The (1995)', 'genres': 'Drama'}, {'movieId': 9, 'title': 'Sudden Death (1995)', 'genres': 'Action'}]
2026-06-04 21:14:09,433 - INFO - user_id=101, latency=0.01214s
2026-06-04 21:14:20,306 - INFO - Recommendations requested for user: 101
2026-06-04 21:14:20,322 - INFO - Recommendations for user 101: [{'movieId': 123, 'title': 'Chungking Express (Chung Hing sam lam) (1994)', 'genres': 'Drama|Mystery|Romance'}, {'movieId': 88, 'title': 'Black Sheep (1996)', 'genres': 'Comedy'}, {'movieId': 46, 'title': 'How to Make an American Quilt (1995)', 'genres': 'Drama|Romance'}, {'movieId': 121, 'title': 'Boys of St. Vincent, The (1992)', 'genres': 'Drama'}, {'movieId': 122, 'title': 'Boomerang (1992)', 'genres': 'Comedy|Romance'}, {'movieId': 6424, 'title': 'Oscar (1991)', 'genres': 'Comedy|Crime|Mystery|Romance'}, {'movieId': 161, 'title': 'Crimson Tide (1995)', 'genres': 'Drama|Thriller|War'}, {'movieId': 242, 'title': 'Farinelli: il castrato (1994)', 'genres': 'Drama|Musical'}, {'movieId': 147, 'title': 'Basketball Diaries, The (1995)', 'genres': 'Drama'}, {'movieId': 9, 'title': 'Sudden Death (1995)', 'genres': 'Action'}]
2026-06-04 21:14:20,322 - INFO - user_id=101, latency=0.0137s
2026-06-04 21:14:32,564 - INFO - Recommendations requested for user: 102
2026-06-04 21:14:32,581 - INFO - Recommendations for user 102: [{'movieId': 19, 'title': 'Ace Ventura: When Nature Calls (1995)', 'genres': 'Comedy'}, {'movieId': 14, 'title': 'Nixon (1995)', 'genres': 'Drama'}, {'movieId': 9, 'title': 'Sudden Death (1995)', 'genres': 'Action'}, {'movieId': 156, 'title': 'Blue in the Face (1995)', 'genres': 'Comedy|Drama'}, {'movieId': 118, 'title': 'If Lucy Fell (1996)', 'genres': 'Comedy|Romance'}, {'movieId': 80, 'title': 'White Balloon, The (Badkonake sefid) (1995)', 'genres': 'Children|Drama'}, {'movieId': 121, 'title': 'Boys of St. Vincent, The (1992)', 'genres': 'Drama'}, {'movieId': 41, 'title': 'Richard III (1995)', 'genres': 'Drama|War'}, {'movieId': 21, 'title': 'Get Shorty (1995)', 'genres': 'Comedy|Crime|Thriller'}, {'movieId': 263, 'title': 'Ladybird Ladybird (1994)', 'genres': 'Drama'}]
2026-06-04 21:14:32,581 - INFO - user_id=102, latency=0.01772s
2026-06-04 21:14:40,808 - INFO - Recommendations requested for user: 102
2026-06-04 21:14:40,822 - INFO - Recommendations for user 102: [{'movieId': 19, 'title': 'Ace Ventura: When Nature Calls (1995)', 'genres': 'Comedy'}, {'movieId': 14, 'title': 'Nixon (1995)', 'genres': 'Drama'}, {'movieId': 9, 'title': 'Sudden Death (1995)', 'genres': 'Action'}, {'movieId': 156, 'title': 'Blue in the Face (1995)', 'genres': 'Comedy|Drama'}, {'movieId': 118, 'title': 'If Lucy Fell (1996)', 'genres': 'Comedy|Romance'}, {'movieId': 80, 'title': 'White Balloon, The (Badkonake sefid) (1995)', 'genres': 'Children|Drama'}, {'movieId': 121, 'title': 'Boys of St. Vincent, The (1992)', 'genres': 'Drama'}, {'movieId': 41, 'title': 'Richard III (1995)', 'genres': 'Drama|War'}, {'movieId': 21, 'title': 'Get Shorty (1995)', 'genres': 'Comedy|Crime|Thriller'}, {'movieId': 263, 'title': 'Ladybird Ladybird (1994)', 'genres': 'Drama'}]
2026-06-04 21:14:40,822 - INFO - user_id=102, latency=0.014s
2026-06-04 21:35:42,249 - INFO - Recommendations requested for user: 101
2026-06-04 21:35:44,350 - INFO - Recommendations for user 101: [{'movieId': 123, 'title': 'Chungking Express (Chung Hing sam lam) (1994)', 'genres': 'Drama|Mystery|Romance'}, {'movieId': 88, 'title': 'Black Sheep (1996)', 'genres': 'Comedy'}, {'movieId': 46, 'title': 'How to Make an American Quilt (1995)', 'genres': 'Drama|Romance'}, {'movieId': 121, 'title': 'Boys of St. Vincent, The (1992)', 'genres': 'Drama'}, {'movieId': 122, 'title': 'Boomerang (1992)', 'genres': 'Comedy|Romance'}, {'movieId': 6424, 'title': 'Oscar (1991)', 'genres': 'Comedy|Crime|Mystery|Romance'}, {'movieId': 161, 'title': 'Crimson Tide (1995)', 'genres': 'Drama|Thriller|War'}, {'movieId': 242, 'title': 'Farinelli: il castrato (1994)', 'genres': 'Drama|Musical'}, {'movieId': 147, 'title': 'Basketball Diaries, The (1995)', 'genres': 'Drama'}, {'movieId': 9, 'title': 'Sudden Death (1995)', 'genres': 'Action'}]
2026-06-04 21:35:44,350 - INFO - user_id=101, latency=2.09949s
2026-06-04 21:35:54,600 - INFO - Recommendations requested for user: 101
2026-06-04 21:35:54,620 - INFO - Recommendations for user 101: [{'movieId': 123, 'title': 'Chungking Express (Chung Hing sam lam) (1994)', 'genres': 'Drama|Mystery|Romance'}, {'movieId': 88, 'title': 'Black Sheep (1996)', 'genres': 'Comedy'}, {'movieId': 46, 'title': 'How to Make an American Quilt (1995)', 'genres': 'Drama|Romance'}, {'movieId': 121, 'title': 'Boys of St. Vincent, The (1992)', 'genres': 'Drama'}, {'movieId': 122, 'title': 'Boomerang (1992)', 'genres': 'Comedy|Romance'}, {'movieId': 6424, 'title': 'Oscar (1991)', 'genres': 'Comedy|Crime|Mystery|Romance'}, {'movieId': 161, 'title': 'Crimson Tide (1995)', 'genres': 'Drama|Thriller|War'}, {'movieId': 242, 'title': 'Farinelli: il castrato (1994)', 'genres': 'Drama|Musical'}, {'movieId': 147, 'title': 'Basketball Diaries, The (1995)', 'genres': 'Drama'}, {'movieId': 9, 'title': 'Sudden Death (1995)', 'genres': 'Action'}]
2026-06-04 21:35:54,621 - INFO - user_id=101, latency=0.0202s
2026-06-04 21:37:51,882 - INFO - Recommendations requested for user: 101
2026-06-04 21:37:51,914 - INFO - Recommendations for user 101: [{'movieId': 147, 'title': 'Basketball Diaries, The (1995)', 'genres': 'Drama'}, {'movieId': 123, 'title': 'Chungking Express (Chung Hing sam lam) (1994)', 'genres': 'Drama|Mystery|Romance'}, {'movieId': 214, 'title': 'Before the Rain (Pred dozhdot) (1994)', 'genres': 'Drama|War'}, {'movieId': 19, 'title': 'Ace Ventura: When Nature Calls (1995)', 'genres': 'Comedy'}, {'movieId': 121, 'title': 'Boys of St. Vincent, The (1992)', 'genres': 'Drama'}, {'movieId': 608, 'title': 'Fargo (1996)', 'genres': 'Comedy|Crime|Drama|Thriller'}, {'movieId': 118, 'title': 'If Lucy Fell (1996)', 'genres': 'Comedy|Romance'}, {'movieId': 345, 'title': 'Adventures of Priscilla, Queen of the Desert, The (1994)', 'genres': 'Comedy|Drama'}, {'movieId': 41, 'title': 'Richard III (1995)', 'genres': 'Drama|War'}, {'movieId': 573, 'title': 'Ciao, Professore! (Io speriamo che me la cavo) (1992)', 'genres': 'Drama'}]
2026-06-04 21:37:51,915 - INFO - user_id=101, latency=0.03196s
2026-06-04 21:38:03,815 - INFO - Recommendations requested for user: 101
2026-06-04 21:38:03,826 - INFO - Recommendations for user 101: [{'movieId': 147, 'title': 'Basketball Diaries, The (1995)', 'genres': 'Drama'}, {'movieId': 123, 'title': 'Chungking Express (Chung Hing sam lam) (1994)', 'genres': 'Drama|Mystery|Romance'}, {'movieId': 214, 'title': 'Before the Rain (Pred dozhdot) (1994)', 'genres': 'Drama|War'}, {'movieId': 19, 'title': 'Ace Ventura: When Nature Calls (1995)', 'genres': 'Comedy'}, {'movieId': 121, 'title': 'Boys of St. Vincent, The (1992)', 'genres': 'Drama'}, {'movieId': 608, 'title': 'Fargo (1996)', 'genres': 'Comedy|Crime|Drama|Thriller'}, {'movieId': 118, 'title': 'If Lucy Fell (1996)', 'genres': 'Comedy|Romance'}, {'movieId': 345, 'title': 'Adventures of Priscilla, Queen of the Desert, The (1994)', 'genres': 'Comedy|Drama'}, {'movieId': 41, 'title': 'Richard III (1995)', 'genres': 'Drama|War'}, {'movieId': 573, 'title': 'Ciao, Professore! (Io speriamo che me la cavo) (1992)', 'genres': 'Drama'}]
2026-06-04 21:38:03,826 - INFO - user_id=101, latency=0.011s
2026-06-04 22:29:21,521 - INFO - Recommendations requested for user: 101
2026-06-04 22:29:23,607 - INFO - Recommendations for user 101: [{'movieId': 147, 'title': 'Basketball Diaries, The (1995)', 'genres': 'Drama'}, {'movieId': 123, 'title': 'Chungking Express (Chung Hing sam lam) (1994)', 'genres': 'Drama|Mystery|Romance'}, {'movieId': 214, 'title': 'Before the Rain (Pred dozhdot) (1994)', 'genres': 'Drama|War'}, {'movieId': 19, 'title': 'Ace Ventura: When Nature Calls (1995)', 'genres': 'Comedy'}, {'movieId': 121, 'title': 'Boys of St. Vincent, The (1992)', 'genres': 'Drama'}, {'movieId': 608, 'title': 'Fargo (1996)', 'genres': 'Comedy|Crime|Drama|Thriller'}, {'movieId': 118, 'title': 'If Lucy Fell (1996)', 'genres': 'Comedy|Romance'}, {'movieId': 345, 'title': 'Adventures of Priscilla, Queen of the Desert, The (1994)', 'genres': 'Comedy|Drama'}, {'movieId': 41, 'title': 'Richard III (1995)', 'genres': 'Drama|War'}, {'movieId': 573, 'title': 'Ciao, Professore! (Io speriamo che me la cavo) (1992)', 'genres': 'Drama'}]
2026-06-04 22:29:23,607 - INFO - user_id=101, latency=2.08501s
2026-06-04 22:30:01,668 - INFO - Recommendations requested for user: 102
2026-06-04 22:30:01,678 - INFO - Recommendations for user 102: [{'movieId': 19, 'title': 'Ace Ventura: When Nature Calls (1995)', 'genres': 'Comedy'}, {'movieId': 14, 'title': 'Nixon (1995)', 'genres': 'Drama'}, {'movieId': 9, 'title': 'Sudden Death (1995)', 'genres': 'Action'}, {'movieId': 156, 'title': 'Blue in the Face (1995)', 'genres': 'Comedy|Drama'}, {'movieId': 118, 'title': 'If Lucy Fell (1996)', 'genres': 'Comedy|Romance'}, {'movieId': 80, 'title': 'White Balloon, The (Badkonake sefid) (1995)', 'genres': 'Children|Drama'}, {'movieId': 121, 'title': 'Boys of St. Vincent, The (1992)', 'genres': 'Drama'}, {'movieId': 41, 'title': 'Richard III (1995)', 'genres': 'Drama|War'}, {'movieId': 21, 'title': 'Get Shorty (1995)', 'genres': 'Comedy|Crime|Thriller'}, {'movieId': 263, 'title': 'Ladybird Ladybird (1994)', 'genres': 'Drama'}]
2026-06-04 22:30:01,678 - INFO - user_id=102, latency=0.00851s
2026-06-04 22:30:50,923 - INFO - Recommendations requested for user: 101
2026-06-04 22:30:50,941 - INFO - Recommendations for user 101: [{'movieId': 219, 'title': 'Cure, The (1995)', 'genres': 'Drama'}, {'movieId': 147, 'title': 'Basketball Diaries, The (1995)', 'genres': 'Drama'}, {'movieId': 118, 'title': 'If Lucy Fell (1996)', 'genres': 'Comedy|Romance'}, {'movieId': 345, 'title': 'Adventures of Priscilla, Queen of the Desert, The (1994)', 'genres': 'Comedy|Drama'}, {'movieId': 64, 'title': 'Two if by Sea (1996)', 'genres': 'Comedy|Romance'}, {'movieId': 291, 'title': 'Poison Ivy II (1996)', 'genres': 'Drama|Thriller'}, {'movieId': 41, 'title': 'Richard III (1995)', 'genres': 'Drama|War'}, {'movieId': 573, 'title': 'Ciao, Professore! (Io speriamo che me la cavo) (1992)', 'genres': 'Drama'}, {'movieId': 19, 'title': 'Ace Ventura: When Nature Calls (1995)', 'genres': 'Comedy'}, {'movieId': 214, 'title': 'Before the Rain (Pred dozhdot) (1994)', 'genres': 'Drama|War'}]
2026-06-04 22:30:50,941 - INFO - user_id=101, latency=0.01611s
2026-06-04 22:30:58,269 - INFO - Recommendations requested for user: 101
2026-06-04 22:30:58,277 - INFO - Recommendations for user 101: [{'movieId': 219, 'title': 'Cure, The (1995)', 'genres': 'Drama'}, {'movieId': 147, 'title': 'Basketball Diaries, The (1995)', 'genres': 'Drama'}, {'movieId': 118, 'title': 'If Lucy Fell (1996)', 'genres': 'Comedy|Romance'}, {'movieId': 345, 'title': 'Adventures of Priscilla, Queen of the Desert, The (1994)', 'genres': 'Comedy|Drama'}, {'movieId': 64, 'title': 'Two if by Sea (1996)', 'genres': 'Comedy|Romance'}, {'movieId': 291, 'title': 'Poison Ivy II (1996)', 'genres': 'Drama|Thriller'}, {'movieId': 41, 'title': 'Richard III (1995)', 'genres': 'Drama|War'}, {'movieId': 573, 'title': 'Ciao, Professore! (Io speriamo che me la cavo) (1992)', 'genres': 'Drama'}, {'movieId': 19, 'title': 'Ace Ventura: When Nature Calls (1995)', 'genres': 'Comedy'}, {'movieId': 214, 'title': 'Before the Rain (Pred dozhdot) (1994)', 'genres': 'Drama|War'}]
2026-06-04 22:30:58,278 - INFO - user_id=101, latency=0.00756s
2026-06-04 22:31:03,620 - INFO - Recommendations requested for user: 101
2026-06-04 22:31:03,628 - INFO - Recommendations for user 101: [{'movieId': 219, 'title': 'Cure, The (1995)', 'genres': 'Drama'}, {'movieId': 147, 'title': 'Basketball Diaries, The (1995)', 'genres': 'Drama'}, {'movieId': 118, 'title': 'If Lucy Fell (1996)', 'genres': 'Comedy|Romance'}, {'movieId': 345, 'title': 'Adventures of Priscilla, Queen of the Desert, The (1994)', 'genres': 'Comedy|Drama'}, {'movieId': 64, 'title': 'Two if by Sea (1996)', 'genres': 'Comedy|Romance'}, {'movieId': 291, 'title': 'Poison Ivy II (1996)', 'genres': 'Drama|Thriller'}, {'movieId': 41, 'title': 'Richard III (1995)', 'genres': 'Drama|War'}, {'movieId': 573, 'title': 'Ciao, Professore! (Io speriamo che me la cavo) (1992)', 'genres': 'Drama'}, {'movieId': 19, 'title': 'Ace Ventura: When Nature Calls (1995)', 'genres': 'Comedy'}, {'movieId': 214, 'title': 'Before the Rain (Pred dozhdot) (1994)', 'genres': 'Drama|War'}]
2026-06-04 22:31:03,628 - INFO - user_id=101, latency=0.00738s
2026-06-04 22:38:21,878 - INFO - Recommendations requested for user: 101
2026-06-04 22:38:23,946 - INFO - Recommendations for user 101: [{'movieId': 219, 'title': 'Cure, The (1995)', 'genres': 'Drama'}, {'movieId': 147, 'title': 'Basketball Diaries, The (1995)', 'genres': 'Drama'}, {'movieId': 118, 'title': 'If Lucy Fell (1996)', 'genres': 'Comedy|Romance'}, {'movieId': 345, 'title': 'Adventures of Priscilla, Queen of the Desert, The (1994)', 'genres': 'Comedy|Drama'}, {'movieId': 64, 'title': 'Two if by Sea (1996)', 'genres': 'Comedy|Romance'}, {'movieId': 291, 'title': 'Poison Ivy II (1996)', 'genres': 'Drama|Thriller'}, {'movieId': 41, 'title': 'Richard III (1995)', 'genres': 'Drama|War'}, {'movieId': 573, 'title': 'Ciao, Professore! (Io speriamo che me la cavo) (1992)', 'genres': 'Drama'}, {'movieId': 19, 'title': 'Ace Ventura: When Nature Calls (1995)', 'genres': 'Comedy'}, {'movieId': 214, 'title': 'Before the Rain (Pred dozhdot) (1994)', 'genres': 'Drama|War'}]
2026-06-04 22:38:23,946 - INFO - user_id=101, latency=2.06749s
2026-06-04 22:38:54,326 - INFO - Recommendations requested for user: 101
2026-06-04 22:38:54,339 - INFO - Recommendations for user 101: [{'movieId': 147, 'title': 'Basketball Diaries, The (1995)', 'genres': 'Drama'}, {'movieId': 345, 'title': 'Adventures of Priscilla, Queen of the Desert, The (1994)', 'genres': 'Comedy|Drama'}, {'movieId': 118, 'title': 'If Lucy Fell (1996)', 'genres': 'Comedy|Romance'}, {'movieId': 219, 'title': 'Cure, The (1995)', 'genres': 'Drama'}, {'movieId': 123, 'title': 'Chungking Express (Chung Hing sam lam) (1994)', 'genres': 'Drama|Mystery|Romance'}, {'movieId': 224, 'title': 'Don Juan DeMarco (1995)', 'genres': 'Comedy|Drama|Romance'}, {'movieId': 220, 'title': 'Castle Freak (1995)', 'genres': 'Horror'}, {'movieId': 573, 'title': 'Ciao, Professore! (Io speriamo che me la cavo) (1992)', 'genres': 'Drama'}, {'movieId': 121, 'title': 'Boys of St. Vincent, The (1992)', 'genres': 'Drama'}, {'movieId': 41, 'title': 'Richard III (1995)', 'genres': 'Drama|War'}]
2026-06-04 22:38:54,339 - INFO - user_id=101, latency=0.01215s
2026-06-04 22:39:00,340 - INFO - Recommendations requested for user: 101
2026-06-04 22:39:00,348 - INFO - Recommendations for user 101: [{'movieId': 147, 'title': 'Basketball Diaries, The (1995)', 'genres': 'Drama'}, {'movieId': 345, 'title': 'Adventures of Priscilla, Queen of the Desert, The (1994)', 'genres': 'Comedy|Drama'}, {'movieId': 118, 'title': 'If Lucy Fell (1996)', 'genres': 'Comedy|Romance'}, {'movieId': 219, 'title': 'Cure, The (1995)', 'genres': 'Drama'}, {'movieId': 123, 'title': 'Chungking Express (Chung Hing sam lam) (1994)', 'genres': 'Drama|Mystery|Romance'}, {'movieId': 224, 'title': 'Don Juan DeMarco (1995)', 'genres': 'Comedy|Drama|Romance'}, {'movieId': 220, 'title': 'Castle Freak (1995)', 'genres': 'Horror'}, {'movieId': 573, 'title': 'Ciao, Professore! (Io speriamo che me la cavo) (1992)', 'genres': 'Drama'}, {'movieId': 121, 'title': 'Boys of St. Vincent, The (1992)', 'genres': 'Drama'}, {'movieId': 41, 'title': 'Richard III (1995)', 'genres': 'Drama|War'}]
2026-06-04 22:39:00,348 - INFO - user_id=101, latency=0.00702s
2026-06-04 22:59:02,397 - INFO - Recommendations requested for user: 101
2026-06-04 22:59:02,416 - INFO - Recommendations for user 101: [{'movieId': 147, 'title': 'Basketball Diaries, The (1995)', 'genres': 'Drama'}, {'movieId': 345, 'title': 'Adventures of Priscilla, Queen of the Desert, The (1994)', 'genres': 'Comedy|Drama'}, {'movieId': 118, 'title': 'If Lucy Fell (1996)', 'genres': 'Comedy|Romance'}, {'movieId': 219, 'title': 'Cure, The (1995)', 'genres': 'Drama'}, {'movieId': 123, 'title': 'Chungking Express (Chung Hing sam lam) (1994)', 'genres': 'Drama|Mystery|Romance'}, {'movieId': 224, 'title': 'Don Juan DeMarco (1995)', 'genres': 'Comedy|Drama|Romance'}, {'movieId': 220, 'title': 'Castle Freak (1995)', 'genres': 'Horror'}, {'movieId': 573, 'title': 'Ciao, Professore! (Io speriamo che me la cavo) (1992)', 'genres': 'Drama'}, {'movieId': 121, 'title': 'Boys of St. Vincent, The (1992)', 'genres': 'Drama'}, {'movieId': 41, 'title': 'Richard III (1995)', 'genres': 'Drama|War'}]
2026-06-04 22:59:02,416 - INFO - user_id=101, latency=0.01901s
2026-06-04 22:59:11,278 - INFO - Recommendations requested for user: 101
2026-06-04 22:59:11,286 - INFO - Recommendations for user 101: [{'movieId': 147, 'title': 'Basketball Diaries, The (1995)', 'genres': 'Drama'}, {'movieId': 345, 'title': 'Adventures of Priscilla, Queen of the Desert, The (1994)', 'genres': 'Comedy|Drama'}, {'movieId': 118, 'title': 'If Lucy Fell (1996)', 'genres': 'Comedy|Romance'}, {'movieId': 219, 'title': 'Cure, The (1995)', 'genres': 'Drama'}, {'movieId': 123, 'title': 'Chungking Express (Chung Hing sam lam) (1994)', 'genres': 'Drama|Mystery|Romance'}, {'movieId': 224, 'title': 'Don Juan DeMarco (1995)', 'genres': 'Comedy|Drama|Romance'}, {'movieId': 220, 'title': 'Castle Freak (1995)', 'genres': 'Horror'}, {'movieId': 573, 'title': 'Ciao, Professore! (Io speriamo che me la cavo) (1992)', 'genres': 'Drama'}, {'movieId': 121, 'title': 'Boys of St. Vincent, The (1992)', 'genres': 'Drama'}, {'movieId': 41, 'title': 'Richard III (1995)', 'genres': 'Drama|War'}]
2026-06-04 22:59:11,286 - INFO - user_id=101, latency=0.007s
2026-06-04 23:24:50,740 - INFO - Recommendations requested for user: 101
2026-06-04 23:24:52,926 - INFO - Recommendations for user 101: [{'movieId': 147, 'title': 'Basketball Diaries, The (1995)', 'genres': 'Drama'}, {'movieId': 345, 'title': 'Adventures of Priscilla, Queen of the Desert, The (1994)', 'genres': 'Comedy|Drama'}, {'movieId': 118, 'title': 'If Lucy Fell (1996)', 'genres': 'Comedy|Romance'}, {'movieId': 219, 'title': 'Cure, The (1995)', 'genres': 'Drama'}, {'movieId': 123, 'title': 'Chungking Express (Chung Hing sam lam) (1994)', 'genres': 'Drama|Mystery|Romance'}, {'movieId': 224, 'title': 'Don Juan DeMarco (1995)', 'genres': 'Comedy|Drama|Romance'}, {'movieId': 220, 'title': 'Castle Freak (1995)', 'genres': 'Horror'}, {'movieId': 573, 'title': 'Ciao, Professore! (Io speriamo che me la cavo) (1992)', 'genres': 'Drama'}, {'movieId': 121, 'title': 'Boys of St. Vincent, The (1992)', 'genres': 'Drama'}, {'movieId': 41, 'title': 'Richard III (1995)', 'genres': 'Drama|War'}]
2026-06-04 23:24:52,926 - INFO - user_id=101, latency=2.18249s
2026-06-04 23:24:57,298 - INFO - Recommendations requested for user: 101
2026-06-04 23:24:57,351 - INFO - Recommendations for user 101: [{'movieId': 147, 'title': 'Basketball Diaries, The (1995)', 'genres': 'Drama'}, {'movieId': 345, 'title': 'Adventures of Priscilla, Queen of the Desert, The (1994)', 'genres': 'Comedy|Drama'}, {'movieId': 118, 'title': 'If Lucy Fell (1996)', 'genres': 'Comedy|Romance'}, {'movieId': 219, 'title': 'Cure, The (1995)', 'genres': 'Drama'}, {'movieId': 123, 'title': 'Chungking Express (Chung Hing sam lam) (1994)', 'genres': 'Drama|Mystery|Romance'}, {'movieId': 224, 'title': 'Don Juan DeMarco (1995)', 'genres': 'Comedy|Drama|Romance'}, {'movieId': 220, 'title': 'Castle Freak (1995)', 'genres': 'Horror'}, {'movieId': 573, 'title': 'Ciao, Professore! (Io speriamo che me la cavo) (1992)', 'genres': 'Drama'}, {'movieId': 121, 'title': 'Boys of St. Vincent, The (1992)', 'genres': 'Drama'}, {'movieId': 41, 'title': 'Richard III (1995)', 'genres': 'Drama|War'}]
2026-06-04 23:24:57,352 - INFO - user_id=101, latency=0.05207s
2026-06-14 21:23:43,952 - INFO - Recommendations requested for user: 103
2026-06-14 21:23:46,013 - INFO - REC_CACHE_MISS user=103
2026-06-14 21:23:46,026 - ERROR - user_id=103, error='NoneType' object has no attribute 'shape'
2026-06-14 21:23:50,600 - INFO - Recommendations requested for user: 102
2026-06-14 21:23:50,600 - INFO - REC_CACHE_MISS user=102
2026-06-14 21:23:50,641 - INFO - LATENCY_MS=40.86
2026-06-14 21:23:50,642 - INFO - Recommendations for user 102: [{'movieId': 19, 'title': 'Ace Ventura: When Nature Calls (1995)', 'genres': 'Comedy'}, {'movieId': 14, 'title': 'Nixon (1995)', 'genres': 'Drama'}, {'movieId': 9, 'title': 'Sudden Death (1995)', 'genres': 'Action'}, {'movieId': 156, 'title': 'Blue in the Face (1995)', 'genres': 'Comedy|Drama'}, {'movieId': 118, 'title': 'If Lucy Fell (1996)', 'genres': 'Comedy|Romance'}, {'movieId': 80, 'title': 'White Balloon, The (Badkonake sefid) (1995)', 'genres': 'Children|Drama'}, {'movieId': 121, 'title': 'Boys of St. Vincent, The (1992)', 'genres': 'Drama'}, {'movieId': 41, 'title': 'Richard III (1995)', 'genres': 'Drama|War'}, {'movieId': 21, 'title': 'Get Shorty (1995)', 'genres': 'Comedy|Crime|Thriller'}, {'movieId': 263, 'title': 'Ladybird Ladybird (1994)', 'genres': 'Drama'}]
2026-06-14 21:23:50,642 - INFO - user_id=102, latency=0.04184s
2026-06-14 21:24:13,469 - INFO - Recommendations requested for user: 101
2026-06-14 21:24:13,469 - INFO - REC_CACHE_MISS user=101
2026-06-14 21:24:13,515 - INFO - LATENCY_MS=45.41
2026-06-14 21:24:13,515 - INFO - Recommendations for user 101: [{'movieId': 147, 'title': 'Basketball Diaries, The (1995)', 'genres': 'Drama'}, {'movieId': 345, 'title': 'Adventures of Priscilla, Queen of the Desert, The (1994)', 'genres': 'Comedy|Drama'}, {'movieId': 118, 'title': 'If Lucy Fell (1996)', 'genres': 'Comedy|Romance'}, {'movieId': 219, 'title': 'Cure, The (1995)', 'genres': 'Drama'}, {'movieId': 123, 'title': 'Chungking Express (Chung Hing sam lam) (1994)', 'genres': 'Drama|Mystery|Romance'}, {'movieId': 224, 'title': 'Don Juan DeMarco (1995)', 'genres': 'Comedy|Drama|Romance'}, {'movieId': 220, 'title': 'Castle Freak (1995)', 'genres': 'Horror'}, {'movieId': 573, 'title': 'Ciao, Professore! (Io speriamo che me la cavo) (1992)', 'genres': 'Drama'}, {'movieId': 121, 'title': 'Boys of St. Vincent, The (1992)', 'genres': 'Drama'}, {'movieId': 41, 'title': 'Richard III (1995)', 'genres': 'Drama|War'}]
2026-06-14 21:24:13,516 - INFO - user_id=101, latency=0.04541s
2026-06-14 21:24:30,296 - INFO - Recommendations requested for user: 101
2026-06-14 21:24:30,296 - INFO - REC_CACHE_MISS user=101
2026-06-14 21:24:30,296 - INFO - LATENCY_MS=0.00
2026-06-14 21:24:30,296 - INFO - Recommendations for user 101: [{'movieId': 147, 'title': 'Basketball Diaries, The (1995)', 'genres': 'Drama'}, {'movieId': 345, 'title': 'Adventures of Priscilla, Queen of the Desert, The (1994)', 'genres': 'Comedy|Drama'}, {'movieId': 118, 'title': 'If Lucy Fell (1996)', 'genres': 'Comedy|Romance'}, {'movieId': 219, 'title': 'Cure, The (1995)', 'genres': 'Drama'}, {'movieId': 123, 'title': 'Chungking Express (Chung Hing sam lam) (1994)', 'genres': 'Drama|Mystery|Romance'}, {'movieId': 224, 'title': 'Don Juan DeMarco (1995)', 'genres': 'Comedy|Drama|Romance'}, {'movieId': 220, 'title': 'Castle Freak (1995)', 'genres': 'Horror'}, {'movieId': 573, 'title': 'Ciao, Professore! (Io speriamo che me la cavo) (1992)', 'genres': 'Drama'}, {'movieId': 121, 'title': 'Boys of St. Vincent, The (1992)', 'genres': 'Drama'}, {'movieId': 41, 'title': 'Richard III (1995)', 'genres': 'Drama|War'}]
2026-06-14 21:24:30,296 - INFO - user_id=101, latency=0.0s
2026-06-14 21:32:27,561 - INFO - Recommendations requested for user: 101
2026-06-14 21:32:27,581 - INFO - REC_CACHE_MISS user=101
2026-06-14 21:32:27,866 - INFO - LATENCY_MS=297.30
2026-06-14 21:32:27,866 - INFO - Recommendations for user 101: [{'movieId': 147, 'title': 'Basketball Diaries, The (1995)', 'genres': 'Drama'}, {'movieId': 345, 'title': 'Adventures of Priscilla, Queen of the Desert, The (1994)', 'genres': 'Comedy|Drama'}, {'movieId': 118, 'title': 'If Lucy Fell (1996)', 'genres': 'Comedy|Romance'}, {'movieId': 219, 'title': 'Cure, The (1995)', 'genres': 'Drama'}, {'movieId': 123, 'title': 'Chungking Express (Chung Hing sam lam) (1994)', 'genres': 'Drama|Mystery|Romance'}, {'movieId': 224, 'title': 'Don Juan DeMarco (1995)', 'genres': 'Comedy|Drama|Romance'}, {'movieId': 220, 'title': 'Castle Freak (1995)', 'genres': 'Horror'}, {'movieId': 573, 'title': 'Ciao, Professore! (Io speriamo che me la cavo) (1992)', 'genres': 'Drama'}, {'movieId': 121, 'title': 'Boys of St. Vincent, The (1992)', 'genres': 'Drama'}, {'movieId': 41, 'title': 'Richard III (1995)', 'genres': 'Drama|War'}]
2026-06-14 21:32:27,866 - INFO - user_id=101, latency=0.2973s
2026-07-14 21:14:40,355 - INFO - 1 change detected
2026-07-14 21:14:41,916 - INFO - 1 change detected
2026-07-14 21:14:42,284 - INFO - 1 change detected
2026-07-14 21:14:42,748 - INFO - 1 change detected
2026-07-14 21:14:43,153 - INFO - 1 change detected
2026-07-14 21:14:43,506 - INFO - 1 change detected
2026-07-14 21:14:43,918 - INFO - 1 change detected
2026-07-14 21:14:44,327 - INFO - 1 change detected
2026-07-14 21:14:44,731 - INFO - 1 change detected
2026-07-14 21:14:45,132 - INFO - 1 change detected
2026-07-14 21:14:45,489 - INFO - 1 change detected
2026-07-14 21:14:45,946 - INFO - 1 change detected
2026-07-14 21:14:46,350 - INFO - 1 change detected
2026-07-14 21:14:46,715 - INFO - 1 change detected
2026-07-14 21:14:47,120 - INFO - 1 change detected
2026-07-14 21:14:47,528 - INFO - 1 change detected
2026-07-14 21:14:47,934 - INFO - 1 change detected
2026-07-14 21:14:48,336 - INFO - 1 change detected
2026-07-14 21:14:48,694 - INFO - 1 change detected
2026-07-14 21:14:49,110 - INFO - 1 change detected
2026-07-14 21:14:49,524 - INFO - 1 change detected
2026-07-14 21:14:49,886 - INFO - 1 change detected
2026-07-14 21:14:50,301 - INFO - 1 change detected
2026-07-14 21:14:50,712 - INFO - 1 change detected
2026-07-14 21:14:51,127 - INFO - 1 change detected
2026-07-14 21:14:51,490 - INFO - 1 change detected
2026-07-14 21:14:51,904 - INFO - 1 change detected
2026-07-14 21:14:52,306 - INFO - 1 change detected
2026-07-14 21:14:52,708 - INFO - 1 change detected
2026-07-14 21:14:53,068 - INFO - 1 change detected
2026-07-14 21:14:53,481 - INFO - 1 change detected
2026-07-14 21:14:53,893 - INFO - 1 change detected
2026-07-14 21:14:54,304 - INFO - 1 change detected
2026-07-14 21:14:54,715 - INFO - 1 change detected
2026-07-14 21:14:55,077 - INFO - 1 change detected
2026-07-14 21:14:55,491 - INFO - 1 change detected
2026-07-14 21:14:55,905 - INFO - 1 change detected
2026-07-14 21:14:56,316 - INFO - 1 change detected
2026-07-14 21:14:56,728 - INFO - 1 change detected
2026-07-14 21:14:57,141 - INFO - 1 change detected
2026-07-14 21:14:57,502 - INFO - 1 change detected
2026-07-14 21:14:57,918 - INFO - 1 change detected
2026-07-14 21:14:58,331 - INFO - 1 change detected
2026-07-14 21:14:58,691 - INFO - 1 change detected
2026-07-14 21:14:59,106 - INFO - 1 change detected
2026-07-14 21:14:59,521 - INFO - 1 change detected
2026-07-14 21:14:59,885 - INFO - 1 change detected
2026-07-14 21:15:00,302 - INFO - 1 change detected
2026-07-14 21:15:00,717 - INFO - 1 change detected
2026-07-14 21:15:01,129 - INFO - 1 change detected
2026-07-14 21:15:01,491 - INFO - 1 change detected
2026-07-14 21:15:01,907 - INFO - 1 change detected
2026-07-14 21:15:02,321 - INFO - 1 change detected
2026-07-14 21:15:02,681 - INFO - 1 change detected
2026-07-14 21:15:03,096 - INFO - 1 change detected
2026-07-14 21:15:03,508 - INFO - 1 change detected
2026-07-14 21:15:03,917 - INFO - 1 change detected
2026-07-14 21:15:04,327 - INFO - 1 change detected
2026-07-14 21:15:04,692 - INFO - 1 change detected
2026-07-14 21:15:05,103 - INFO - 1 change detected
2026-07-14 21:15:05,511 - INFO - 1 change detected
2026-07-14 21:15:05,918 - INFO - 1 change detected
2026-07-14 21:15:06,279 - INFO - 1 change detected
2026-07-14 21:15:06,694 - INFO - 1 change detected
2026-07-14 21:15:07,101 - INFO - 1 change detected
2026-07-14 21:15:07,507 - INFO - 1 change detected
2026-07-14 21:15:07,915 - INFO - 1 change detected
2026-07-14 21:15:08,326 - INFO - 1 change detected
2026-07-14 21:15:08,735 - INFO - 1 change detected
2026-07-14 21:15:09,093 - INFO - 1 change detected
2026-07-14 21:15:09,508 - INFO - 1 change detected
2026-07-14 21:15:09,876 - INFO - 1 change detected
2026-07-14 21:15:10,235 - INFO - 1 change detected
2026-07-14 21:15:10,594 - INFO - 1 change detected
2026-07-14 21:15:10,955 - INFO - 1 change detected
2026-07-14 21:15:11,316 - INFO - 1 change detected
2026-07-14 21:15:11,671 - INFO - 1 change detected
2026-07-14 21:15:12,094 - INFO - 1 change detected
2026-07-14 21:15:12,463 - INFO - 1 change detected
2026-07-14 21:15:12,871 - INFO - 1 change detected
2026-07-14 21:15:13,282 - INFO - 1 change detected
2026-07-14 21:15:13,689 - INFO - 1 change detected
2026-07-14 21:15:14,056 - INFO - 1 change detected
2026-07-14 21:15:14,459 - INFO - 1 change detected
2026-07-14 21:15:14,865 - INFO - 1 change detected
2026-07-14 21:15:15,270 - INFO - 1 change detected
2026-07-14 21:15:15,677 - INFO - 1 change detected
2026-07-14 21:15:16,083 - INFO - 1 change detected
2026-07-14 21:15:16,435 - INFO - 1 change detected
2026-07-14 21:15:16,842 - INFO - 1 change detected
2026-07-14 21:15:17,250 - INFO - 1 change detected
2026-07-14 21:15:17,653 - INFO - 1 change detected
2026-07-14 21:15:18,056 - INFO - 1 change detected
2026-07-14 21:15:18,409 - INFO - 1 change detected
2026-07-14 21:15:18,819 - INFO - 1 change detected
2026-07-14 21:15:19,231 - INFO - 1 change detected
2026-07-14 21:15:19,634 - INFO - 1 change detected
2026-07-14 21:15:20,048 - INFO - 1 change detected
2026-07-14 21:15:20,451 - INFO - 1 change detected
2026-07-14 21:15:20,804 - INFO - 1 change detected
2026-07-14 21:15:21,217 - INFO - 1 change detected
2026-07-14 21:15:21,620 - INFO - 1 change detected
2026-07-14 21:15:22,028 - INFO - 1 change detected
2026-07-14 21:15:22,431 - INFO - 1 change detected
2026-07-14 21:15:22,790 - INFO - 1 change detected
2026-07-14 21:15:23,199 - INFO - 1 change detected
2026-07-14 21:15:23,554 - INFO - 1 change detected
2026-07-14 21:15:23,957 - INFO - 1 change detected
2026-07-14 21:15:24,360 - INFO - 1 change detected
2026-07-14 21:15:24,767 - INFO - 1 change detected
2026-07-14 21:15:25,184 - INFO - 1 change detected
2026-07-14 21:15:25,536 - INFO - 1 change detected
2026-07-14 21:15:25,942 - INFO - 1 change detected
2026-07-14 21:15:26,359 - INFO - 1 change detected
2026-07-14 21:15:26,767 - INFO - 1 change detected
2026-07-14 21:15:27,131 - INFO - 1 change detected
2026-07-14 21:15:27,546 - INFO - 1 change detected
2026-07-14 21:15:27,955 - INFO - 1 change detected
2026-07-14 21:15:28,419 - INFO - 1 change detected
2026-07-14 21:15:28,837 - INFO - 1 change detected
2026-07-14 21:15:29,242 - INFO - 1 change detected
2026-07-14 21:15:29,651 - INFO - 1 change detected
2026-07-14 21:15:30,058 - INFO - 1 change detected
2026-07-14 21:15:30,467 - INFO - 1 change detected
2026-07-14 21:15:30,876 - INFO - 1 change detected
2026-07-14 21:15:31,293 - INFO - 1 change detected
2026-07-14 21:15:31,698 - INFO - 1 change detected
2026-07-14 21:15:32,056 - INFO - 1 change detected
2026-07-14 21:15:32,472 - INFO - 1 change detected
2026-07-14 21:15:32,881 - INFO - 1 change detected
2026-07-14 21:15:33,307 - INFO - 1 change detected
2026-07-14 21:15:33,721 - INFO - 1 change detected
2026-07-14 21:15:34,142 - INFO - 1 change detected
2026-07-14 21:15:34,552 - INFO - 1 change detected
2026-07-14 21:15:34,963 - INFO - 1 change detected
2026-07-14 21:15:35,375 - INFO - 1 change detected
2026-07-14 21:15:35,733 - INFO - 1 change detected
2026-07-14 21:15:36,148 - INFO - 1 change detected
2026-07-14 21:15:36,567 - INFO - 1 change detected
2026-07-14 21:15:37,002 - INFO - 1 change detected
2026-07-14 21:15:37,431 - INFO - 1 change detected
2026-07-14 21:15:37,857 - INFO - 1 change detected
2026-07-14 21:15:38,275 - INFO - 1 change detected
2026-07-14 21:15:38,682 - INFO - 1 change detected
2026-07-14 21:15:39,101 - INFO - 1 change detected
2026-07-14 21:15:39,475 - INFO - 1 change detected
2026-07-14 21:15:39,941 - INFO - 1 change detected
2026-07-14 21:15:40,362 - INFO - 1 change detected
2026-07-14 21:15:40,796 - INFO - 1 change detected
2026-07-14 21:15:41,274 - INFO - 1 change detected
2026-07-14 21:15:41,681 - INFO - 1 change detected
2026-07-14 21:15:42,095 - INFO - 1 change detected
2026-07-14 21:15:42,459 - INFO - 1 change detected
2026-07-14 21:15:42,871 - INFO - 1 change detected
2026-07-14 21:15:43,295 - INFO - 1 change detected
2026-07-14 21:15:43,706 - INFO - 1 change detected
2026-07-14 21:15:44,135 - INFO - 1 change detected
2026-07-14 21:15:44,552 - INFO - 1 change detected
2026-07-14 21:15:44,962 - INFO - 1 change detected
2026-07-14 21:15:45,374 - INFO - 1 change detected
2026-07-14 21:15:45,789 - INFO - 1 change detected
2026-07-14 21:15:46,202 - INFO - 1 change detected
2026-07-14 21:15:46,613 - INFO - 1 change detected
2026-07-14 21:15:47,033 - INFO - 1 change detected
2026-07-14 21:15:47,453 - INFO - 1 change detected
2026-07-14 21:15:47,864 - INFO - 1 change detected
2026-07-14 21:15:48,231 - INFO - 1 change detected
2026-07-14 21:15:48,643 - INFO - 1 change detected
2026-07-14 21:15:49,055 - INFO - 1 change detected
2026-07-14 21:15:49,470 - INFO - 1 change detected
2026-07-14 21:15:49,887 - INFO - 1 change detected
2026-07-14 21:15:50,297 - INFO - 1 change detected
2026-07-14 21:15:50,718 - INFO - 1 change detected
2026-07-14 21:15:51,082 - INFO - 1 change detected
2026-07-14 21:15:51,486 - INFO - 1 change detected
2026-07-14 21:15:51,895 - INFO - 1 change detected
2026-07-14 21:15:52,299 - INFO - 1 change detected
2026-07-14 21:15:52,702 - INFO - 1 change detected
2026-07-14 21:15:53,105 - INFO - 1 change detected
2026-07-14 21:15:53,516 - INFO - 1 change detected
2026-07-14 21:15:53,918 - INFO - 1 change detected
2026-07-14 21:15:54,269 - INFO - 1 change detected
2026-07-14 21:15:54,672 - INFO - 1 change detected
2026-07-14 21:15:55,085 - INFO - 1 change detected
2026-07-14 21:15:55,445 - INFO - 1 change detected
2026-07-14 21:15:55,862 - INFO - 1 change detected
2026-07-14 21:15:56,271 - INFO - 1 change detected
2026-07-14 21:15:56,682 - INFO - 1 change detected
2026-07-14 21:15:57,092 - INFO - 1 change detected
2026-07-14 21:15:57,557 - INFO - 1 change detected
2026-07-14 21:15:57,967 - INFO - 1 change detected
2026-07-14 21:15:58,381 - INFO - 1 change detected
2026-07-14 21:15:58,790 - INFO - 1 change detected
2026-07-14 21:15:59,153 - INFO - 1 change detected
2026-07-14 21:15:59,566 - INFO - 1 change detected
2026-07-14 21:15:59,977 - INFO - 1 change detected
2026-07-14 21:16:00,391 - INFO - 1 change detected
2026-07-14 21:16:00,754 - INFO - 1 change detected
2026-07-14 21:16:01,171 - INFO - 1 change detected
2026-07-14 21:16:01,583 - INFO - 1 change detected
2026-07-14 21:16:01,946 - INFO - 1 change detected
2026-07-14 21:16:02,364 - INFO - 1 change detected
2026-07-14 21:16:02,776 - INFO - 1 change detected
2026-07-14 21:16:03,139 - INFO - 1 change detected
2026-07-14 21:16:03,555 - INFO - 1 change detected
2026-07-14 21:16:03,968 - INFO - 1 change detected
2026-07-14 21:16:04,330 - INFO - 1 change detected
2026-07-14 21:16:04,744 - INFO - 1 change detected
2026-07-14 21:16:05,157 - INFO - 1 change detected
2026-07-14 21:16:05,518 - INFO - 1 change detected
2026-07-14 21:16:05,932 - INFO - 1 change detected
2026-07-14 21:16:06,347 - INFO - 1 change detected
2026-07-14 21:16:06,756 - INFO - 1 change detected
2026-07-14 21:16:07,118 - INFO - 1 change detected
2026-07-14 21:16:07,534 - INFO - 1 change detected
2026-07-14 21:16:07,947 - INFO - 1 change detected
2026-07-14 21:16:08,308 - INFO - 1 change detected
2026-07-14 21:16:08,764 - INFO - 1 change detected
2026-07-14 21:16:09,119 - INFO - 1 change detected
2026-07-14 21:16:09,574 - INFO - 1 change detected
2026-07-14 21:16:09,982 - INFO - 1 change detected
2026-07-14 21:16:10,388 - INFO - 1 change detected
2026-07-14 21:16:10,799 - INFO - 1 change detected
2026-07-14 21:16:11,160 - INFO - 1 change detected
2026-07-14 21:16:11,586 - INFO - 1 change detected
2026-07-14 21:16:11,992 - INFO - 1 change detected
2026-07-14 21:16:12,354 - INFO - 1 change detected
2026-07-14 21:16:12,767 - INFO - 1 change detected
2026-07-14 21:16:13,171 - INFO - 1 change detected
2026-07-14 21:16:13,576 - INFO - 1 change detected
2026-07-14 21:16:13,987 - INFO - 1 change detected
2026-07-14 21:16:14,350 - INFO - 1 change detected
2026-07-14 21:16:14,759 - INFO - 1 change detected
2026-07-14 21:16:15,166 - INFO - 1 change detected
2026-07-14 21:16:15,574 - INFO - 1 change detected
2026-07-14 21:16:15,991 - INFO - 1 change detected
2026-07-14 21:16:16,354 - INFO - 1 change detected
2026-07-14 21:16:16,756 - INFO - 1 change detected
2026-07-14 21:16:17,117 - INFO - 1 change detected
2026-07-14 21:16:17,533 - INFO - 1 change detected
2026-07-14 21:16:17,944 - INFO - 1 change detected
2026-07-14 21:16:18,346 - INFO - 1 change detected
2026-07-14 21:16:18,749 - INFO - 1 change detected
2026-07-14 21:16:19,151 - INFO - 1 change detected
2026-07-14 21:16:19,510 - INFO - 1 change detected
2026-07-14 21:16:19,927 - INFO - 1 change detected
2026-07-14 21:16:20,335 - INFO - 1 change detected
2026-07-14 21:16:20,755 - INFO - 1 change detected
2026-07-14 21:16:21,168 - INFO - 1 change detected
2026-07-14 21:16:21,574 - INFO - 1 change detected
2026-07-14 21:16:21,975 - INFO - 1 change detected
2026-07-14 21:16:22,333 - INFO - 1 change detected
2026-07-14 21:16:22,735 - INFO - 1 change detected
2026-07-14 21:16:23,137 - INFO - 1 change detected
2026-07-14 21:16:23,540 - INFO - 1 change detected
2026-07-14 21:16:23,903 - INFO - 1 change detected
2026-07-14 21:16:24,311 - INFO - 1 change detected
2026-07-14 21:16:24,721 - INFO - 1 change detected
2026-07-14 21:16:25,133 - INFO - 1 change detected
2026-07-14 21:16:25,544 - INFO - 1 change detected
2026-07-14 21:16:25,899 - INFO - 1 change detected
2026-07-14 21:16:26,303 - INFO - 1 change detected
2026-07-14 21:16:26,707 - INFO - 1 change detected
2026-07-14 21:16:27,114 - INFO - 1 change detected
2026-07-14 21:16:27,516 - INFO - 1 change detected
2026-07-14 21:16:27,879 - INFO - 1 change detected
2026-07-14 21:16:28,333 - INFO - 1 change detected
2026-07-14 21:16:28,687 - INFO - 1 change detected
2026-07-14 21:16:29,094 - INFO - 1 change detected
2026-07-14 21:16:29,505 - INFO - 1 change detected
2026-07-14 21:16:29,908 - INFO - 1 change detected
2026-07-14 21:16:30,310 - INFO - 1 change detected
2026-07-14 21:16:30,671 - INFO - 1 change detected
2026-07-14 21:16:31,124 - INFO - 1 change detected
2026-07-14 21:16:31,477 - INFO - 1 change detected
2026-07-14 21:16:31,882 - INFO - 1 change detected
2026-07-14 21:16:32,284 - INFO - 1 change detected
2026-07-14 21:16:32,694 - INFO - 1 change detected
2026-07-14 21:16:33,054 - INFO - 1 change detected
2026-07-14 21:16:33,456 - INFO - 1 change detected
2026-07-14 21:16:33,872 - INFO - 1 change detected
2026-07-14 21:16:34,277 - INFO - 1 change detected
2026-07-14 21:16:34,691 - INFO - 1 change detected
2026-07-14 21:16:35,103 - INFO - 1 change detected
2026-07-14 21:16:35,506 - INFO - 1 change detected
2026-07-14 21:16:35,912 - INFO - 1 change detected
2026-07-14 21:16:36,318 - INFO - 1 change detected
2026-07-14 21:16:36,721 - INFO - 1 change detected
2026-07-14 21:16:37,123 - INFO - 1 change detected
2026-07-14 21:16:37,535 - INFO - 1 change detected
2026-07-14 21:16:37,938 - INFO - 1 change detected
2026-07-14 21:16:38,345 - INFO - 1 change detected
2026-07-14 21:16:38,752 - INFO - 1 change detected
2026-07-14 21:16:39,158 - INFO - 1 change detected
2026-07-14 21:16:39,569 - INFO - 1 change detected
2026-07-14 21:16:39,983 - INFO - 1 change detected
2026-07-14 21:16:40,338 - INFO - 1 change detected
2026-07-14 21:16:40,751 - INFO - 1 change detected
2026-07-14 21:16:41,156 - INFO - 1 change detected
2026-07-14 21:16:41,562 - INFO - 1 change detected
2026-07-14 21:16:41,965 - INFO - 1 change detected
2026-07-14 21:16:42,418 - INFO - 1 change detected
2026-07-14 21:16:42,771 - INFO - 1 change detected
2026-07-14 21:16:43,179 - INFO - 1 change detected
2026-07-14 21:16:43,583 - INFO - 1 change detected
2026-07-14 21:16:43,985 - INFO - 1 change detected
2026-07-14 21:16:44,344 - INFO - 1 change detected
2026-07-14 21:16:44,757 - INFO - 1 change detected
2026-07-14 21:16:45,174 - INFO - 1 change detected
2026-07-14 21:16:45,635 - INFO - 1 change detected
2026-07-14 21:16:46,050 - INFO - 1 change detected
2026-07-14 21:16:46,453 - INFO - 1 change detected
2026-07-14 21:16:46,855 - INFO - 1 change detected
2026-07-14 21:16:47,257 - INFO - 1 change detected
2026-07-14 21:16:47,674 - INFO - 1 change detected
2026-07-14 21:16:48,037 - INFO - 1 change detected
2026-07-14 21:16:48,453 - INFO - 1 change detected
2026-07-14 21:16:48,815 - INFO - 1 change detected
2026-07-14 21:16:49,231 - INFO - 1 change detected
2026-07-14 21:16:49,643 - INFO - 1 change detected
2026-07-14 21:16:50,007 - INFO - 1 change detected
2026-07-14 21:16:50,421 - INFO - 1 change detected
2026-07-14 21:16:50,835 - INFO - 1 change detected
2026-07-14 21:16:51,196 - INFO - 1 change detected
2026-07-14 21:16:51,612 - INFO - 1 change detected
2026-07-14 21:16:52,024 - INFO - 1 change detected
2026-07-14 21:16:52,386 - INFO - 1 change detected
2026-07-14 21:16:52,802 - INFO - 1 change detected
2026-07-14 21:16:53,214 - INFO - 1 change detected
2026-07-14 21:16:53,575 - INFO - 1 change detected
2026-07-14 21:16:53,989 - INFO - 1 change detected
2026-07-14 21:16:54,403 - INFO - 1 change detected
2026-07-14 21:16:54,766 - INFO - 1 change detected
2026-07-14 21:16:55,179 - INFO - 1 change detected
2026-07-14 21:16:55,591 - INFO - 1 change detected
2026-07-14 21:16:55,950 - INFO - 1 change detected
2026-07-14 21:16:56,365 - INFO - 1 change detected
2026-07-14 21:16:56,778 - INFO - 1 change detected
2026-07-14 21:16:57,140 - INFO - 1 change detected
2026-07-14 21:16:57,555 - INFO - 1 change detected
2026-07-14 21:16:57,966 - INFO - 1 change detected
2026-07-14 21:16:58,374 - INFO - 1 change detected
2026-07-14 21:16:58,737 - INFO - 1 change detected
2026-07-14 21:16:59,152 - INFO - 1 change detected
2026-07-14 21:16:59,566 - INFO - 1 change detected
2026-07-14 21:16:59,928 - INFO - 1 change detected
2026-07-14 21:17:00,343 - INFO - 1 change detected
2026-07-14 21:17:00,756 - INFO - 1 change detected
2026-07-14 21:17:01,117 - INFO - 1 change detected
2026-07-14 21:17:01,532 - INFO - 1 change detected
2026-07-14 21:17:01,946 - INFO - 1 change detected
2026-07-14 21:17:02,308 - INFO - 1 change detected
2026-07-14 21:17:02,720 - INFO - 1 change detected
2026-07-14 21:17:03,131 - INFO - 1 change detected
2026-07-14 21:17:03,492 - INFO - 1 change detected
2026-07-14 21:17:03,906 - INFO - 1 change detected
2026-07-14 21:17:04,319 - INFO - 1 change detected
2026-07-14 21:17:04,682 - INFO - 1 change detected
2026-07-14 21:17:05,097 - INFO - 1 change detected
2026-07-14 21:17:05,508 - INFO - 1 change detected
2026-07-14 21:17:05,869 - INFO - 1 change detected
2026-07-14 21:17:06,284 - INFO - 1 change detected
2026-07-14 21:17:06,695 - INFO - 1 change detected
2026-07-14 21:17:07,056 - INFO - 1 change detected
2026-07-14 21:17:07,471 - INFO - 1 change detected
2026-07-14 21:17:07,885 - INFO - 1 change detected
2026-07-14 21:17:08,248 - INFO - 1 change detected
2026-07-14 21:17:08,663 - INFO - 1 change detected
2026-07-14 21:17:09,077 - INFO - 1 change detected
2026-07-14 21:17:09,642 - INFO - 1 change detected
2026-07-14 21:17:09,997 - INFO - 1 change detected
2026-07-14 21:17:10,361 - INFO - 1 change detected
2026-07-14 21:17:10,775 - INFO - 1 change detected
2026-07-14 21:17:11,188 - INFO - 1 change detected
2026-07-14 21:17:11,599 - INFO - 1 change detected
2026-07-14 21:17:11,962 - INFO - 1 change detected
2026-07-14 21:17:12,377 - INFO - 1 change detected
2026-07-14 21:17:12,788 - INFO - 1 change detected
2026-07-14 21:17:13,148 - INFO - 1 change detected
2026-07-14 21:17:13,566 - INFO - 1 change detected
2026-07-14 21:17:13,928 - INFO - 1 change detected
2026-07-14 21:17:14,344 - INFO - 1 change detected
2026-07-14 21:17:14,754 - INFO - 1 change detected
2026-07-14 21:17:15,167 - INFO - 1 change detected
2026-07-14 21:17:15,530 - INFO - 1 change detected
2026-07-14 21:17:15,943 - INFO - 1 change detected
2026-07-14 21:17:16,356 - INFO - 1 change detected
2026-07-14 21:17:16,718 - INFO - 1 change detected
2026-07-14 21:17:17,132 - INFO - 1 change detected
2026-07-14 21:17:17,544 - INFO - 1 change detected
2026-07-14 21:17:17,907 - INFO - 1 change detected
2026-07-14 21:17:18,321 - INFO - 1 change detected
2026-07-14 21:17:18,732 - INFO - 1 change detected
2026-07-14 21:17:19,093 - INFO - 1 change detected
2026-07-14 21:17:19,508 - INFO - 1 change detected
2026-07-14 21:17:19,920 - INFO - 1 change detected
2026-07-14 21:17:20,536 - INFO - 1 change detected
2026-07-14 21:17:20,902 - INFO - 1 change detected
2026-07-14 21:17:21,266 - INFO - 1 change detected
2026-07-14 21:17:21,682 - INFO - 1 change detected
2026-07-14 21:17:22,045 - INFO - 1 change detected
2026-07-14 21:17:22,450 - INFO - 1 change detected
2026-07-14 21:17:23,367 - INFO - 1 change detected
2026-07-14 21:17:23,732 - INFO - 1 change detected
2026-07-14 21:17:24,100 - INFO - 1 change detected
2026-07-14 21:17:24,461 - INFO - 1 change detected
2026-07-14 21:17:24,877 - INFO - 1 change detected
2026-07-14 21:17:25,290 - INFO - 1 change detected
2026-07-14 21:17:25,649 - INFO - 1 change detected
2026-07-14 21:17:26,064 - INFO - 1 change detected
2026-07-14 21:17:26,476 - INFO - 1 change detected
2026-07-14 21:17:26,837 - INFO - 1 change detected
2026-07-14 21:17:27,252 - INFO - 1 change detected
2026-07-14 21:17:27,867 - INFO - 1 change detected
2026-07-14 21:17:28,232 - INFO - 1 change detected
2026-07-14 21:17:28,595 - INFO - 1 change detected
2026-07-14 21:17:28,956 - INFO - 1 change detected
2026-07-14 21:17:29,316 - INFO - 1 change detected
2026-07-14 21:17:29,678 - INFO - 1 change detected
2026-07-14 21:17:30,090 - INFO - 1 change detected
2026-07-14 21:17:30,496 - INFO - 1 change detected
2026-07-14 21:17:30,907 - INFO - 1 change detected
2026-07-14 21:17:31,268 - INFO - 1 change detected
2026-07-14 21:17:31,682 - INFO - 1 change detected
2026-07-14 21:17:32,095 - INFO - 1 change detected
2026-07-14 21:17:32,457 - INFO - 1 change detected
2026-07-14 21:17:32,872 - INFO - 1 change detected
2026-07-14 21:17:33,286 - INFO - 1 change detected
2026-07-14 21:17:33,651 - INFO - 1 change detected
2026-07-14 21:17:34,067 - INFO - 1 change detected
2026-07-14 21:17:34,480 - INFO - 1 change detected
2026-07-14 21:17:34,892 - INFO - 1 change detected
2026-07-14 21:17:35,255 - INFO - 1 change detected
2026-07-14 21:17:35,657 - INFO - 1 change detected
2026-07-14 21:17:36,069 - INFO - 1 change detected
2026-07-14 21:17:36,431 - INFO - 1 change detected
2026-07-14 21:17:36,847 - INFO - 1 change detected
2026-07-14 21:17:37,262 - INFO - 1 change detected
2026-07-14 21:17:37,626 - INFO - 1 change detected
2026-07-14 21:17:38,043 - INFO - 1 change detected
2026-07-14 21:17:38,454 - INFO - 1 change detected
2026-07-14 21:17:38,817 - INFO - 1 change detected
2026-07-14 21:17:39,234 - INFO - 1 change detected
2026-07-14 21:17:39,646 - INFO - 1 change detected
2026-07-14 21:17:40,011 - INFO - 1 change detected
2026-07-14 21:17:40,428 - INFO - 1 change detected
2026-07-14 21:17:40,841 - INFO - 1 change detected
2026-07-14 21:17:41,205 - INFO - 1 change detected
2026-07-14 21:17:41,620 - INFO - 1 change detected
2026-07-14 21:17:42,033 - INFO - 1 change detected
2026-07-14 21:17:42,441 - INFO - 1 change detected
2026-07-14 21:17:42,853 - INFO - 1 change detected
2026-07-14 21:17:43,217 - INFO - 1 change detected
2026-07-14 21:17:43,873 - INFO - 1 change detected
2026-07-14 21:17:44,233 - INFO - 1 change detected
2026-07-14 21:17:44,598 - INFO - 1 change detected
2026-07-14 21:17:45,015 - INFO - 1 change detected
2026-07-14 21:17:45,378 - INFO - 1 change detected
2026-07-14 21:17:45,779 - INFO - 1 change detected
2026-07-14 21:17:46,195 - INFO - 1 change detected
2026-07-14 21:17:46,608 - INFO - 1 change detected
2026-07-14 21:17:46,972 - INFO - 1 change detected
2026-07-14 21:17:47,389 - INFO - 1 change detected
2026-07-14 21:17:47,804 - INFO - 1 change detected
2026-07-14 21:17:48,170 - INFO - 1 change detected
2026-07-14 21:17:48,572 - INFO - 1 change detected
2026-07-14 21:17:48,987 - INFO - 1 change detected
2026-07-14 21:17:49,402 - INFO - 1 change detected
2026-07-14 21:17:49,817 - INFO - 1 change detected
2026-07-14 21:17:50,181 - INFO - 1 change detected
2026-07-14 21:17:50,583 - INFO - 1 change detected
2026-07-14 21:17:50,996 - INFO - 1 change detected
2026-07-14 21:17:51,358 - INFO - 1 change detected
2026-07-14 21:17:51,772 - INFO - 1 change detected
2026-07-14 21:17:52,186 - INFO - 1 change detected
2026-07-14 21:17:52,547 - INFO - 1 change detected
2026-07-14 21:17:52,964 - INFO - 1 change detected
2026-07-14 21:17:53,380 - INFO - 1 change detected
2026-07-14 21:17:53,744 - INFO - 1 change detected
2026-07-14 21:17:54,158 - INFO - 1 change detected
2026-07-14 21:17:54,569 - INFO - 1 change detected
2026-07-14 21:17:54,933 - INFO - 1 change detected
2026-07-14 21:17:55,335 - INFO - 1 change detected
2026-07-14 21:17:55,748 - INFO - 1 change detected
2026-07-14 21:17:56,163 - INFO - 1 change detected
2026-07-14 21:17:56,528 - INFO - 1 change detected
2026-07-14 21:17:56,944 - INFO - 1 change detected
2026-07-14 21:17:57,357 - INFO - 1 change detected
2026-07-14 21:17:57,722 - INFO - 1 change detected
2026-07-14 21:17:58,139 - INFO - 1 change detected
2026-07-14 21:17:58,552 - INFO - 1 change detected
2026-07-14 21:17:58,914 - INFO - 1 change detected
2026-07-14 21:17:59,318 - INFO - 1 change detected
2026-07-14 21:17:59,731 - INFO - 1 change detected
2026-07-14 21:18:00,145 - INFO - 1 change detected
2026-07-14 21:18:00,510 - INFO - 1 change detected
2026-07-14 21:18:00,963 - INFO - 1 change detected
2026-07-14 21:18:01,323 - INFO - 1 change detected
2026-07-14 21:18:01,725 - INFO - 1 change detected
2026-07-14 21:18:02,140 - INFO - 1 change detected
2026-07-14 21:18:02,550 - INFO - 1 change detected
2026-07-14 21:18:02,965 - INFO - 1 change detected
2026-07-14 21:18:03,326 - INFO - 1 change detected
2026-07-14 21:18:03,742 - INFO - 1 change detected
2026-07-14 21:18:04,105 - INFO - 1 change detected
2026-07-14 21:18:04,521 - INFO - 1 change detected
2026-07-14 21:18:04,935 - INFO - 1 change detected
2026-07-14 21:18:05,351 - INFO - 1 change detected
2026-07-14 21:18:05,713 - INFO - 1 change detected
2026-07-14 21:18:06,129 - INFO - 1 change detected
2026-07-14 21:18:06,492 - INFO - 1 change detected
2026-07-14 21:18:06,908 - INFO - 1 change detected
2026-07-14 21:18:07,323 - INFO - 1 change detected
2026-07-14 21:18:07,738 - INFO - 1 change detected
2026-07-14 21:18:08,102 - INFO - 1 change detected
2026-07-14 21:18:08,504 - INFO - 1 change detected
2026-07-14 21:18:08,918 - INFO - 1 change detected
2026-07-14 21:18:09,334 - INFO - 1 change detected
2026-07-14 21:18:09,697 - INFO - 1 change detected
2026-07-14 21:18:10,099 - INFO - 1 change detected
2026-07-14 21:18:10,513 - INFO - 1 change detected
2026-07-14 21:18:10,924 - INFO - 1 change detected
2026-07-14 21:18:11,340 - INFO - 1 change detected
2026-07-14 21:18:11,757 - INFO - 1 change detected
2026-07-14 21:18:12,121 - INFO - 1 change detected
2026-07-14 21:18:12,529 - INFO - 1 change detected
2026-07-14 21:18:12,945 - INFO - 1 change detected
2026-07-14 21:18:13,360 - INFO - 1 change detected
2026-07-14 21:18:13,775 - INFO - 1 change detected
2026-07-14 21:18:14,191 - INFO - 1 change detected
2026-07-14 21:18:14,554 - INFO - 1 change detected
2026-07-14 21:18:14,957 - INFO - 1 change detected
2026-07-14 21:18:15,371 - INFO - 1 change detected
2026-07-14 21:18:15,737 - INFO - 1 change detected
2026-07-14 21:18:16,154 - INFO - 1 change detected
2026-07-14 21:18:16,566 - INFO - 1 change detected
2026-07-14 21:18:16,931 - INFO - 1 change detected
2026-07-14 21:18:17,340 - INFO - 1 change detected
2026-07-14 21:18:17,753 - INFO - 1 change detected
2026-07-14 21:18:18,167 - INFO - 1 change detected
2026-07-14 21:18:18,530 - INFO - 1 change detected
2026-07-14 21:18:18,947 - INFO - 1 change detected
2026-07-14 21:18:19,363 - INFO - 1 change detected
2026-07-14 21:18:19,771 - INFO - 1 change detected
2026-07-14 21:18:20,135 - INFO - 1 change detected
2026-07-14 21:18:20,538 - INFO - 1 change detected
2026-07-14 21:18:20,953 - INFO - 1 change detected
2026-07-14 21:18:21,367 - INFO - 1 change detected
2026-07-14 21:18:21,734 - INFO - 1 change detected
2026-07-14 21:18:22,135 - INFO - 1 change detected
2026-07-14 21:18:22,549 - INFO - 1 change detected
2026-07-14 21:18:22,911 - INFO - 1 change detected
2026-07-14 21:18:23,315 - INFO - 1 change detected
2026-07-14 21:18:23,729 - INFO - 1 change detected
2026-07-14 21:18:24,144 - INFO - 1 change detected
2026-07-14 21:18:24,560 - INFO - 1 change detected
2026-07-14 21:18:24,924 - INFO - 1 change detected
2026-07-14 21:18:25,340 - INFO - 1 change detected
2026-07-14 21:18:25,742 - INFO - 1 change detected
2026-07-14 21:18:26,153 - INFO - 1 change detected
2026-07-14 21:18:26,516 - INFO - 1 change detected
2026-07-14 21:18:26,918 - INFO - 1 change detected
2026-07-14 21:18:27,335 - INFO - 1 change detected
2026-07-14 21:18:27,749 - INFO - 1 change detected
2026-07-14 21:18:28,162 - INFO - 1 change detected
2026-07-14 21:18:28,527 - INFO - 1 change detected
2026-07-14 21:18:28,942 - INFO - 1 change detected
2026-07-14 21:18:29,308 - INFO - 1 change detected
2026-07-14 21:18:29,724 - INFO - 1 change detected
2026-07-14 21:18:30,136 - INFO - 1 change detected
2026-07-14 21:18:30,547 - INFO - 1 change detected
2026-07-14 21:18:30,910 - INFO - 1 change detected
2026-07-14 21:18:31,326 - INFO - 1 change detected
2026-07-14 21:18:31,689 - INFO - 1 change detected
2026-07-14 21:18:32,093 - INFO - 1 change detected
2026-07-14 21:18:32,510 - INFO - 1 change detected
2026-07-14 21:18:32,923 - INFO - 1 change detected
2026-07-14 21:18:33,338 - INFO - 1 change detected
2026-07-14 21:18:33,703 - INFO - 1 change detected
2026-07-14 21:18:34,119 - INFO - 1 change detected
2026-07-14 21:18:34,534 - INFO - 1 change detected
2026-07-14 21:18:34,896 - INFO - 1 change detected
2026-07-14 21:18:35,314 - INFO - 1 change detected
2026-07-14 21:18:35,731 - INFO - 1 change detected
2026-07-14 21:18:36,147 - INFO - 1 change detected
2026-07-14 21:18:36,511 - INFO - 1 change detected
2026-07-14 21:18:36,928 - INFO - 1 change detected
2026-07-14 21:18:37,295 - INFO - 1 change detected
2026-07-14 21:18:37,712 - INFO - 1 change detected
2026-07-14 21:18:38,127 - INFO - 1 change detected
2026-07-14 21:18:38,543 - INFO - 1 change detected
2026-07-14 21:18:38,908 - INFO - 1 change detected
2026-07-14 21:18:39,324 - INFO - 1 change detected
2026-07-14 21:18:39,738 - INFO - 1 change detected
2026-07-14 21:18:40,152 - INFO - 1 change detected
2026-07-14 21:18:40,514 - INFO - 1 change detected
2026-07-14 21:18:40,930 - INFO - 1 change detected
2026-07-14 21:18:41,346 - INFO - 1 change detected
2026-07-14 21:18:41,709 - INFO - 1 change detected
2026-07-14 21:18:42,125 - INFO - 1 change detected
2026-07-14 21:18:42,540 - INFO - 1 change detected
2026-07-14 21:18:42,904 - INFO - 1 change detected
2026-07-14 21:18:43,320 - INFO - 1 change detected
2026-07-14 21:18:43,723 - INFO - 1 change detected
2026-07-14 21:18:44,137 - INFO - 1 change detected
2026-07-14 21:18:44,551 - INFO - 1 change detected
2026-07-14 21:18:44,916 - INFO - 1 change detected
2026-07-14 21:18:45,331 - INFO - 1 change detected
2026-07-14 21:18:45,696 - INFO - 1 change detected
2026-07-14 21:18:46,111 - INFO - 1 change detected
2026-07-14 21:18:46,526 - INFO - 1 change detected
2026-07-14 21:18:46,888 - INFO - 1 change detected
2026-07-14 21:18:47,292 - INFO - 1 change detected
2026-07-14 21:18:47,707 - INFO - 1 change detected
2026-07-14 21:18:48,121 - INFO - 1 change detected
2026-07-14 21:18:48,484 - INFO - 1 change detected
2026-07-14 21:18:48,887 - INFO - 1 change detected
2026-07-14 21:18:49,300 - INFO - 1 change detected
2026-07-14 21:18:49,713 - INFO - 1 change detected
2026-07-14 21:18:50,130 - INFO - 1 change detected
2026-07-14 21:18:50,494 - INFO - 1 change detected
2026-07-14 21:18:50,911 - INFO - 1 change detected
2026-07-14 21:18:51,326 - INFO - 1 change detected
2026-07-14 21:18:51,741 - INFO - 1 change detected
2026-07-14 21:18:52,105 - INFO - 1 change detected
2026-07-14 21:18:52,517 - INFO - 1 change detected
2026-07-14 21:18:52,932 - INFO - 1 change detected
2026-07-14 21:18:53,346 - INFO - 1 change detected
2026-07-14 21:18:53,761 - INFO - 1 change detected
2026-07-14 21:18:54,125 - INFO - 1 change detected
2026-07-14 21:18:54,526 - INFO - 1 change detected
2026-07-14 21:18:54,941 - INFO - 1 change detected
2026-07-14 21:18:55,306 - INFO - 1 change detected
2026-07-14 21:18:55,722 - INFO - 1 change detected
2026-07-14 21:18:56,137 - INFO - 1 change detected
2026-07-14 21:18:56,554 - INFO - 1 change detected
2026-07-14 21:18:56,918 - INFO - 1 change detected
2026-07-14 21:18:57,320 - INFO - 1 change detected
2026-07-14 21:18:57,735 - INFO - 1 change detected
2026-07-14 21:18:58,099 - INFO - 1 change detected
2026-07-14 21:18:58,514 - INFO - 1 change detected
2026-07-14 21:18:58,931 - INFO - 1 change detected
2026-07-14 21:18:59,346 - INFO - 1 change detected
2026-07-14 21:18:59,708 - INFO - 1 change detected
2026-07-14 21:19:00,125 - INFO - 1 change detected
2026-07-14 21:19:00,488 - INFO - 1 change detected
2026-07-14 21:19:00,942 - INFO - 1 change detected
2026-07-14 21:19:01,301 - INFO - 1 change detected
2026-07-14 21:19:01,755 - INFO - 1 change detected
2026-07-14 21:19:02,116 - INFO - 1 change detected
2026-07-14 21:19:02,518 - INFO - 1 change detected
2026-07-14 21:19:02,933 - INFO - 1 change detected
2026-07-14 21:19:03,346 - INFO - 1 change detected
2026-07-14 21:19:03,712 - INFO - 1 change detected
2026-07-14 21:19:04,114 - INFO - 1 change detected
2026-07-14 21:19:04,531 - INFO - 1 change detected
2026-07-14 21:19:04,944 - INFO - 1 change detected
2026-07-14 21:19:05,308 - INFO - 1 change detected
2026-07-14 21:19:05,709 - INFO - 1 change detected
2026-07-14 21:19:06,124 - INFO - 1 change detected
2026-07-14 21:19:06,538 - INFO - 1 change detected
2026-07-14 21:19:06,954 - INFO - 1 change detected
2026-07-14 21:19:07,369 - INFO - 1 change detected
2026-07-14 21:19:07,734 - INFO - 1 change detected
2026-07-14 21:19:08,151 - INFO - 1 change detected
2026-07-14 21:19:08,514 - INFO - 1 change detected
2026-07-14 21:19:08,931 - INFO - 1 change detected
2026-07-14 21:19:09,348 - INFO - 1 change detected
2026-07-14 21:19:09,762 - INFO - 1 change detected
2026-07-14 21:19:10,126 - INFO - 1 change detected
2026-07-14 21:19:10,539 - INFO - 1 change detected
2026-07-14 21:19:10,949 - INFO - 1 change detected
2026-07-14 21:19:11,310 - INFO - 1 change detected
2026-07-14 21:19:11,723 - INFO - 1 change detected
2026-07-14 21:19:12,134 - INFO - 1 change detected
2026-07-14 21:19:12,495 - INFO - 1 change detected
2026-07-14 21:19:12,897 - INFO - 1 change detected
2026-07-14 21:19:13,311 - INFO - 1 change detected
2026-07-14 21:19:13,724 - INFO - 1 change detected
2026-07-14 21:19:14,140 - INFO - 1 change detected
2026-07-14 21:19:14,505 - INFO - 1 change detected
2026-07-14 21:19:14,922 - INFO - 1 change detected
2026-07-14 21:19:15,337 - INFO - 1 change detected
2026-07-14 21:19:15,704 - INFO - 1 change detected
2026-07-14 21:19:16,106 - INFO - 1 change detected
2026-07-14 21:19:16,519 - INFO - 1 change detected
2026-07-14 21:19:16,935 - INFO - 1 change detected
2026-07-14 21:19:17,348 - INFO - 1 change detected
2026-07-14 21:19:17,703 - INFO - 1 change detected
2026-07-14 21:19:18,105 - INFO - 1 change detected
2026-07-14 21:19:18,507 - INFO - 1 change detected
2026-07-14 21:19:18,919 - INFO - 1 change detected
2026-07-14 21:19:19,331 - INFO - 1 change detected
2026-07-14 21:19:19,696 - INFO - 1 change detected
2026-07-14 21:19:20,112 - INFO - 1 change detected
2026-07-14 21:19:20,526 - INFO - 1 change detected
2026-07-14 21:19:20,928 - INFO - 1 change detected
2026-07-14 21:19:21,291 - INFO - 1 change detected
2026-07-14 21:19:21,744 - INFO - 1 change detected
2026-07-14 21:19:22,109 - INFO - 1 change detected
2026-07-14 21:19:22,515 - INFO - 1 change detected
2026-07-14 21:19:22,929 - INFO - 1 change detected
2026-07-14 21:19:23,345 - INFO - 1 change detected
2026-07-14 21:19:23,710 - INFO - 1 change detected
2026-07-14 21:19:24,126 - INFO - 1 change detected
2026-07-14 21:19:24,529 - INFO - 1 change detected
2026-07-14 21:19:24,945 - INFO - 1 change detected
2026-07-14 21:19:25,308 - INFO - 1 change detected
2026-07-14 21:19:25,711 - INFO - 1 change detected
2026-07-14 21:19:26,163 - INFO - 1 change detected
2026-07-14 21:19:26,521 - INFO - 1 change detected
2026-07-14 21:19:26,923 - INFO - 1 change detected
2026-07-14 21:19:27,339 - INFO - 1 change detected
2026-07-14 21:19:27,751 - INFO - 1 change detected
2026-07-14 21:19:28,167 - INFO - 1 change detected
2026-07-14 21:19:28,569 - INFO - 1 change detected
2026-07-14 21:19:28,933 - INFO - 1 change detected
2026-07-14 21:19:29,334 - INFO - 1 change detected
2026-07-14 21:19:29,748 - INFO - 1 change detected
2026-07-14 21:19:30,164 - INFO - 1 change detected
2026-07-14 21:19:30,525 - INFO - 1 change detected
2026-07-14 21:19:30,977 - INFO - 1 change detected
2026-07-14 21:19:31,338 - INFO - 1 change detected
2026-07-14 21:19:31,754 - INFO - 1 change detected
2026-07-14 21:19:32,167 - INFO - 1 change detected
2026-07-14 21:19:32,580 - INFO - 1 change detected
2026-07-14 21:19:32,994 - INFO - 1 change detected
2026-07-14 21:19:33,359 - INFO - 1 change detected
2026-07-14 21:19:33,763 - INFO - 1 change detected
2026-07-14 21:19:34,177 - INFO - 1 change detected
2026-07-14 21:19:34,592 - INFO - 1 change detected
2026-07-14 21:19:34,958 - INFO - 1 change detected
2026-07-14 21:19:35,373 - INFO - 1 change detected
2026-07-14 21:19:35,786 - INFO - 1 change detected
2026-07-14 21:19:36,152 - INFO - 1 change detected
2026-07-14 21:19:36,569 - INFO - 1 change detected
2026-07-14 21:19:36,984 - INFO - 1 change detected
2026-07-14 21:19:37,389 - INFO - 1 change detected
2026-07-14 21:19:37,803 - INFO - 1 change detected
2026-07-14 21:19:38,217 - INFO - 1 change detected
2026-07-14 21:19:38,584 - INFO - 1 change detected
2026-07-14 21:19:38,988 - INFO - 1 change detected
2026-07-14 21:19:39,402 - INFO - 1 change detected
2026-07-14 21:19:39,817 - INFO - 1 change detected
2026-07-14 21:19:40,184 - INFO - 1 change detected
2026-07-14 21:19:40,599 - INFO - 1 change detected
2026-07-14 21:19:41,015 - INFO - 1 change detected
2026-07-14 21:19:41,378 - INFO - 1 change detected
2026-07-14 21:19:41,793 - INFO - 1 change detected
2026-07-14 21:19:42,207 - INFO - 1 change detected
2026-07-14 21:19:42,616 - INFO - 1 change detected
2026-07-14 21:19:43,030 - INFO - 1 change detected
2026-07-14 21:19:43,446 - INFO - 1 change detected
2026-07-14 21:19:43,812 - INFO - 1 change detected
2026-07-14 21:19:44,214 - INFO - 1 change detected
2026-07-14 21:19:44,626 - INFO - 1 change detected
2026-07-14 21:19:45,043 - INFO - 1 change detected
2026-07-14 21:19:45,458 - INFO - 1 change detected
2026-07-14 21:19:45,871 - INFO - 1 change detected
2026-07-14 21:19:46,235 - INFO - 1 change detected
2026-07-14 21:19:46,638 - INFO - 1 change detected
2026-07-14 21:19:47,052 - INFO - 1 change detected
2026-07-14 21:19:47,465 - INFO - 1 change detected
2026-07-14 21:19:47,830 - INFO - 1 change detected
2026-07-14 21:19:48,245 - INFO - 1 change detected
2026-07-14 21:19:48,659 - INFO - 1 change detected
2026-07-14 21:19:49,021 - INFO - 1 change detected
2026-07-14 21:19:49,435 - INFO - 1 change detected
2026-07-14 21:19:49,849 - INFO - 1 change detected
2026-07-14 21:19:50,214 - INFO - 1 change detected
2026-07-14 21:19:50,630 - INFO - 1 change detected
2026-07-14 21:19:51,041 - INFO - 1 change detected
2026-07-14 21:19:51,412 - INFO - 1 change detected
2026-07-14 21:19:51,819 - INFO - 1 change detected
2026-07-14 21:19:52,232 - INFO - 1 change detected
2026-07-14 21:19:52,641 - INFO - 1 change detected
2026-07-14 21:19:53,056 - INFO - 1 change detected
2026-07-14 21:19:53,419 - INFO - 1 change detected
2026-07-14 21:19:53,836 - INFO - 1 change detected
2026-07-14 21:19:54,242 - INFO - 1 change detected
2026-07-14 21:19:54,645 - INFO - 1 change detected
2026-07-14 21:19:55,060 - INFO - 1 change detected
2026-07-14 21:19:55,477 - INFO - 1 change detected
2026-07-14 21:19:55,892 - INFO - 1 change detected
2026-07-14 21:19:56,255 - INFO - 1 change detected
2026-07-14 21:19:56,657 - INFO - 1 change detected
2026-07-14 21:19:57,073 - INFO - 1 change detected
2026-07-14 21:19:57,488 - INFO - 1 change detected
2026-07-14 21:19:57,854 - INFO - 1 change detected
2026-07-14 21:19:58,256 - INFO - 1 change detected
2026-07-14 21:19:58,667 - INFO - 1 change detected
2026-07-14 21:19:59,081 - INFO - 1 change detected
2026-07-14 21:19:59,498 - INFO - 1 change detected
2026-07-14 21:19:59,861 - INFO - 1 change detected
2026-07-14 21:20:00,277 - INFO - 1 change detected
2026-07-14 21:20:00,693 - INFO - 1 change detected
2026-07-14 21:20:01,057 - INFO - 1 change detected
2026-07-14 21:20:01,473 - INFO - 1 change detected
2026-07-14 21:20:01,890 - INFO - 1 change detected
2026-07-14 21:20:02,305 - INFO - 1 change detected
2026-07-14 21:20:02,719 - INFO - 1 change detected
2026-07-14 21:20:03,134 - INFO - 1 change detected
2026-07-14 21:20:03,536 - INFO - 1 change detected
2026-07-14 21:20:03,950 - INFO - 1 change detected
2026-07-14 21:20:04,352 - INFO - 1 change detected
2026-07-14 21:20:04,718 - INFO - 1 change detected
2026-07-14 21:20:05,134 - INFO - 1 change detected
2026-07-14 21:20:05,549 - INFO - 1 change detected
2026-07-14 21:20:05,951 - INFO - 1 change detected
2026-07-14 21:20:06,316 - INFO - 1 change detected
2026-07-14 21:20:06,732 - INFO - 1 change detected
2026-07-14 21:20:07,148 - INFO - 1 change detected
2026-07-14 21:20:07,563 - INFO - 1 change detected
2026-07-14 21:20:07,978 - INFO - 1 change detected
2026-07-14 21:20:08,381 - INFO - 1 change detected
2026-07-14 21:20:08,745 - INFO - 1 change detected
2026-07-14 21:20:09,146 - INFO - 1 change detected
2026-07-14 21:20:09,562 - INFO - 1 change detected
2026-07-14 21:20:09,977 - INFO - 1 change detected
2026-07-14 21:20:10,392 - INFO - 1 change detected
2026-07-14 21:20:10,754 - INFO - 1 change detected
2026-07-14 21:20:11,156 - INFO - 1 change detected
2026-07-14 21:20:11,568 - INFO - 1 change detected
2026-07-14 21:20:11,984 - INFO - 1 change detected
2026-07-14 21:20:12,399 - INFO - 1 change detected
2026-07-14 21:20:12,751 - INFO - 1 change detected
2026-07-14 21:20:13,168 - INFO - 1 change detected
2026-07-14 21:20:13,585 - INFO - 1 change detected
2026-07-14 21:20:13,949 - INFO - 1 change detected
2026-07-14 21:20:14,366 - INFO - 1 change detected
2026-07-14 21:20:14,782 - INFO - 1 change detected
2026-07-14 21:20:15,145 - INFO - 1 change detected
2026-07-14 21:20:15,562 - INFO - 1 change detected
2026-07-14 21:20:15,978 - INFO - 1 change detected
2026-07-14 21:20:16,341 - INFO - 1 change detected
2026-07-14 21:20:16,758 - INFO - 1 change detected
2026-07-14 21:20:17,175 - INFO - 1 change detected
2026-07-14 21:20:17,586 - INFO - 1 change detected
2026-07-14 21:20:17,949 - INFO - 1 change detected
2026-07-14 21:20:18,365 - INFO - 1 change detected
2026-07-14 21:20:18,780 - INFO - 1 change detected
2026-07-14 21:20:19,145 - INFO - 1 change detected
2026-07-14 21:20:19,547 - INFO - 1 change detected
2026-07-14 21:20:19,963 - INFO - 1 change detected
2026-07-14 21:20:20,377 - INFO - 1 change detected
2026-07-14 21:20:20,793 - INFO - 1 change detected
2026-07-14 21:20:21,195 - INFO - 1 change detected
2026-07-14 21:20:21,607 - INFO - 1 change detected
2026-07-14 21:20:22,020 - INFO - 1 change detected
2026-07-14 21:20:22,437 - INFO - 1 change detected
2026-07-14 21:20:22,848 - INFO - 1 change detected
2026-07-14 21:20:23,212 - INFO - 1 change detected
2026-07-14 21:20:23,630 - INFO - 1 change detected
2026-07-14 21:20:23,995 - INFO - 1 change detected
2026-07-14 21:20:24,412 - INFO - 1 change detected
2026-07-14 21:20:24,826 - INFO - 1 change detected
2026-07-14 21:20:25,193 - INFO - 1 change detected
2026-07-14 21:20:25,609 - INFO - 1 change detected
2026-07-14 21:20:26,023 - INFO - 1 change detected
2026-07-14 21:20:26,389 - INFO - 1 change detected
2026-07-14 21:20:26,805 - INFO - 1 change detected
2026-07-14 21:20:27,220 - INFO - 1 change detected
2026-07-14 21:20:27,621 - INFO - 1 change detected
2026-07-14 21:20:28,033 - INFO - 1 change detected
2026-07-14 21:20:28,448 - INFO - 1 change detected
2026-07-14 21:20:28,865 - INFO - 1 change detected
2026-07-14 21:20:29,229 - INFO - 1 change detected
2026-07-14 21:20:29,646 - INFO - 1 change detected
2026-07-14 21:20:30,061 - INFO - 1 change detected
2026-07-14 21:20:30,476 - INFO - 1 change detected
2026-07-14 21:20:30,886 - INFO - 1 change detected
2026-07-14 21:20:31,250 - INFO - 1 change detected
2026-07-14 21:20:31,667 - INFO - 1 change detected
2026-07-14 21:20:32,080 - INFO - 1 change detected
2026-07-14 21:20:32,445 - INFO - 1 change detected
2026-07-14 21:20:32,848 - INFO - 1 change detected
2026-07-14 21:20:33,262 - INFO - 1 change detected
2026-07-14 21:20:33,676 - INFO - 1 change detected
2026-07-14 21:20:34,043 - INFO - 1 change detected
2026-07-14 21:20:34,455 - INFO - 1 change detected
2026-07-14 21:20:34,868 - INFO - 1 change detected
2026-07-14 21:20:35,231 - INFO - 1 change detected
2026-07-14 21:20:35,645 - INFO - 1 change detected
2026-07-14 21:20:36,059 - INFO - 1 change detected
2026-07-14 21:20:36,423 - INFO - 1 change detected
2026-07-14 21:20:36,824 - INFO - 1 change detected
2026-07-14 21:20:37,239 - INFO - 1 change detected
2026-07-14 21:20:37,641 - INFO - 1 change detected
2026-07-14 21:20:38,056 - INFO - 1 change detected
2026-07-14 21:20:38,419 - INFO - 1 change detected
2026-07-14 21:20:38,874 - INFO - 1 change detected
2026-07-14 21:20:39,237 - INFO - 1 change detected
2026-07-14 21:20:39,653 - INFO - 1 change detected
2026-07-14 21:20:40,069 - INFO - 1 change detected
2026-07-14 21:20:40,484 - INFO - 1 change detected
2026-07-14 21:20:40,844 - INFO - 1 change detected
2026-07-14 21:20:41,260 - INFO - 1 change detected
2026-07-14 21:20:41,675 - INFO - 1 change detected
2026-07-14 21:20:42,038 - INFO - 1 change detected
2026-07-14 21:20:42,491 - INFO - 1 change detected
2026-07-14 21:20:42,898 - INFO - 1 change detected
2026-07-14 21:20:43,262 - INFO - 1 change detected
2026-07-14 21:20:43,678 - INFO - 1 change detected
2026-07-14 21:20:44,093 - INFO - 1 change detected
2026-07-14 21:20:44,459 - INFO - 1 change detected
2026-07-14 21:20:44,875 - INFO - 1 change detected
2026-07-14 21:20:45,291 - INFO - 1 change detected
2026-07-14 21:20:45,655 - INFO - 1 change detected
2026-07-14 21:20:46,072 - INFO - 1 change detected
2026-07-14 21:20:46,488 - INFO - 1 change detected
2026-07-14 21:20:46,904 - INFO - 1 change detected
2026-07-14 21:20:47,266 - INFO - 1 change detected
2026-07-14 21:20:47,682 - INFO - 1 change detected
2026-07-14 21:20:48,099 - INFO - 1 change detected
2026-07-14 21:20:48,461 - INFO - 1 change detected
2026-07-14 21:20:48,878 - INFO - 1 change detected
2026-07-14 21:20:49,294 - INFO - 1 change detected
2026-07-14 21:20:49,658 - INFO - 1 change detected
2026-07-14 21:20:50,074 - INFO - 1 change detected
2026-07-14 21:20:50,487 - INFO - 1 change detected
2026-07-14 21:20:50,848 - INFO - 1 change detected
2026-07-14 21:20:51,262 - INFO - 1 change detected
2026-07-14 21:20:51,675 - INFO - 1 change detected
2026-07-14 21:20:52,088 - INFO - 1 change detected
2026-07-14 21:20:52,492 - INFO - 1 change detected
2026-07-14 21:20:52,852 - INFO - 1 change detected
2026-07-14 21:20:53,265 - INFO - 1 change detected
2026-07-14 21:20:53,675 - INFO - 1 change detected
2026-07-14 21:20:54,085 - INFO - 1 change detected
2026-07-14 21:20:54,496 - INFO - 1 change detected
2026-07-14 21:20:54,857 - INFO - 1 change detected
2026-07-14 21:20:55,271 - INFO - 1 change detected
2026-07-14 21:20:55,678 - INFO - 1 change detected
2026-07-14 21:20:56,088 - INFO - 1 change detected
2026-07-14 21:20:56,447 - INFO - 1 change detected
2026-07-14 21:20:56,862 - INFO - 1 change detected
2026-07-14 21:20:57,273 - INFO - 1 change detected
2026-07-14 21:20:57,635 - INFO - 1 change detected
2026-07-14 21:20:58,047 - INFO - 1 change detected
2026-07-14 21:20:58,459 - INFO - 1 change detected
2026-07-14 21:20:58,870 - INFO - 1 change detected
2026-07-14 21:20:59,230 - INFO - 1 change detected
2026-07-14 21:20:59,685 - INFO - 1 change detected
2026-07-14 21:21:00,047 - INFO - 1 change detected
2026-07-14 21:21:00,464 - INFO - 1 change detected
2026-07-14 21:21:00,831 - INFO - 1 change detected
2026-07-14 21:21:01,248 - INFO - 1 change detected
2026-07-14 21:21:01,662 - INFO - 1 change detected
2026-07-14 21:21:02,078 - INFO - 1 change detected
2026-07-14 21:21:02,496 - INFO - 1 change detected
2026-07-14 21:21:02,859 - INFO - 1 change detected
2026-07-14 21:21:03,276 - INFO - 1 change detected
2026-07-14 21:21:03,641 - INFO - 1 change detected
2026-07-14 21:21:04,054 - INFO - 1 change detected
2026-07-14 21:21:04,470 - INFO - 1 change detected
2026-07-14 21:21:04,887 - INFO - 1 change detected
2026-07-14 21:21:05,247 - INFO - 1 change detected
2026-07-14 21:21:05,664 - INFO - 1 change detected
2026-07-14 21:21:06,080 - INFO - 1 change detected
2026-07-14 21:21:06,443 - INFO - 1 change detected
2026-07-14 21:21:06,846 - INFO - 1 change detected
2026-07-14 21:21:07,261 - INFO - 1 change detected
2026-07-14 21:21:07,674 - INFO - 1 change detected
2026-07-14 21:21:08,086 - INFO - 1 change detected
2026-07-14 21:21:08,450 - INFO - 1 change detected
2026-07-14 21:21:08,852 - INFO - 1 change detected
2026-07-14 21:21:09,267 - INFO - 1 change detected
2026-07-14 21:21:09,683 - INFO - 1 change detected
2026-07-14 21:21:10,050 - INFO - 1 change detected
2026-07-14 21:21:10,464 - INFO - 1 change detected
2026-07-14 21:21:10,881 - INFO - 1 change detected
2026-07-14 21:21:11,246 - INFO - 1 change detected
2026-07-14 21:21:11,663 - INFO - 1 change detected
2026-07-14 21:21:12,079 - INFO - 1 change detected
2026-07-14 21:21:12,495 - INFO - 1 change detected
2026-07-14 21:21:12,911 - INFO - 1 change detected
2026-07-14 21:21:13,275 - INFO - 1 change detected
2026-07-14 21:21:13,678 - INFO - 1 change detected
2026-07-14 21:21:14,094 - INFO - 1 change detected
2026-07-14 21:21:14,508 - INFO - 1 change detected
2026-07-14 21:21:14,873 - INFO - 1 change detected
2026-07-14 21:21:15,275 - INFO - 1 change detected
2026-07-14 21:21:15,687 - INFO - 1 change detected
2026-07-14 21:21:16,101 - INFO - 1 change detected
2026-07-14 21:21:16,518 - INFO - 1 change detected
2026-07-14 21:21:16,883 - INFO - 1 change detected
2026-07-14 21:21:17,300 - INFO - 1 change detected
2026-07-14 21:21:17,704 - INFO - 1 change detected
2026-07-14 21:21:18,117 - INFO - 1 change detected
2026-07-14 21:21:18,480 - INFO - 1 change detected
2026-07-14 21:21:18,885 - INFO - 1 change detected
2026-07-14 21:21:19,298 - INFO - 1 change detected
2026-07-14 21:21:19,713 - INFO - 1 change detected
2026-07-14 21:21:20,115 - INFO - 1 change detected
2026-07-14 21:21:20,527 - INFO - 1 change detected
2026-07-14 21:21:20,887 - INFO - 1 change detected
2026-07-14 21:21:21,300 - INFO - 1 change detected
2026-07-14 21:21:21,711 - INFO - 1 change detected
2026-07-14 21:21:22,071 - INFO - 1 change detected
2026-07-14 21:21:22,484 - INFO - 1 change detected
2026-07-14 21:21:22,890 - INFO - 1 change detected
2026-07-14 21:21:23,301 - INFO - 1 change detected
2026-07-14 21:21:23,712 - INFO - 1 change detected
2026-07-14 21:21:24,123 - INFO - 1 change detected
2026-07-14 21:21:24,531 - INFO - 1 change detected
2026-07-14 21:21:24,890 - INFO - 1 change detected
2026-07-14 21:21:25,302 - INFO - 1 change detected
2026-07-14 21:21:25,711 - INFO - 1 change detected
2026-07-14 21:21:26,121 - INFO - 1 change detected
2026-07-14 21:21:26,481 - INFO - 1 change detected
2026-07-14 21:21:26,894 - INFO - 1 change detected
2026-07-14 21:21:27,306 - INFO - 1 change detected
2026-07-14 21:21:27,718 - INFO - 1 change detected
2026-07-14 21:21:28,079 - INFO - 1 change detected
2026-07-14 21:21:28,491 - INFO - 1 change detected
2026-07-14 21:21:28,902 - INFO - 1 change detected
2026-07-14 21:21:29,311 - INFO - 1 change detected
2026-07-14 21:21:29,673 - INFO - 1 change detected
2026-07-14 21:21:30,087 - INFO - 1 change detected
2026-07-14 21:21:30,497 - INFO - 1 change detected
2026-07-14 21:21:30,857 - INFO - 1 change detected
2026-07-14 21:21:31,271 - INFO - 1 change detected
2026-07-14 21:21:31,682 - INFO - 1 change detected
2026-07-14 21:21:32,042 - INFO - 1 change detected
2026-07-14 21:21:32,457 - INFO - 1 change detected
2026-07-14 21:21:32,861 - INFO - 1 change detected
2026-07-14 21:21:33,272 - INFO - 1 change detected
2026-07-14 21:21:33,632 - INFO - 1 change detected
2026-07-14 21:21:34,045 - INFO - 1 change detected
2026-07-14 21:21:34,458 - INFO - 1 change detected
2026-07-14 21:21:34,819 - INFO - 1 change detected
2026-07-14 21:21:35,232 - INFO - 1 change detected
2026-07-14 21:21:35,645 - INFO - 1 change detected
2026-07-14 21:21:36,054 - INFO - 1 change detected
2026-07-14 21:21:36,462 - INFO - 1 change detected
2026-07-14 21:21:36,873 - INFO - 1 change detected
2026-07-14 21:21:37,234 - INFO - 1 change detected
2026-07-14 21:21:37,649 - INFO - 1 change detected
2026-07-14 21:21:38,059 - INFO - 1 change detected
2026-07-14 21:21:38,418 - INFO - 1 change detected
2026-07-14 21:21:38,834 - INFO - 1 change detected
2026-07-14 21:21:39,243 - INFO - 1 change detected
2026-07-14 21:21:39,605 - INFO - 1 change detected
2026-07-14 21:21:40,018 - INFO - 1 change detected
2026-07-14 21:21:40,429 - INFO - 1 change detected
2026-07-14 21:21:40,840 - INFO - 1 change detected
2026-07-14 21:21:41,201 - INFO - 1 change detected
2026-07-14 21:21:41,615 - INFO - 1 change detected
2026-07-14 21:21:42,026 - INFO - 1 change detected
2026-07-14 21:21:42,436 - INFO - 1 change detected
2026-07-14 21:21:42,841 - INFO - 1 change detected
2026-07-14 21:21:43,203 - INFO - 1 change detected
2026-07-14 21:21:43,616 - INFO - 1 change detected
2026-07-14 21:21:44,027 - INFO - 1 change detected
2026-07-14 21:21:44,388 - INFO - 1 change detected
2026-07-14 21:21:44,801 - INFO - 1 change detected
2026-07-14 21:21:45,212 - INFO - 1 change detected
2026-07-14 21:21:45,571 - INFO - 1 change detected
2026-07-14 21:21:45,986 - INFO - 1 change detected
2026-07-14 21:21:46,396 - INFO - 1 change detected
2026-07-14 21:21:46,758 - INFO - 1 change detected
2026-07-14 21:21:47,171 - INFO - 1 change detected
2026-07-14 21:21:47,587 - INFO - 1 change detected
2026-07-14 21:21:47,950 - INFO - 1 change detected
2026-07-14 21:21:48,364 - INFO - 1 change detected
2026-07-14 21:21:48,776 - INFO - 1 change detected
2026-07-14 21:21:49,183 - INFO - 1 change detected
2026-07-14 21:21:49,542 - INFO - 1 change detected
2026-07-14 21:21:49,958 - INFO - 1 change detected
2026-07-14 21:21:50,370 - INFO - 1 change detected
2026-07-14 21:21:50,732 - INFO - 1 change detected
2026-07-14 21:21:51,145 - INFO - 1 change detected
2026-07-14 21:21:51,557 - INFO - 1 change detected
2026-07-14 21:21:51,969 - INFO - 1 change detected
2026-07-14 21:21:52,332 - INFO - 1 change detected
2026-07-14 21:21:52,747 - INFO - 1 change detected
2026-07-14 21:21:53,157 - INFO - 1 change detected
2026-07-14 21:21:53,518 - INFO - 1 change detected
2026-07-14 21:21:53,931 - INFO - 1 change detected
2026-07-14 21:21:54,343 - INFO - 1 change detected
2026-07-14 21:21:54,705 - INFO - 1 change detected
2026-07-14 21:21:55,120 - INFO - 1 change detected
2026-07-14 21:21:55,531 - INFO - 1 change detected
2026-07-14 21:21:55,944 - INFO - 1 change detected
2026-07-14 21:21:56,307 - INFO - 1 change detected
2026-07-14 21:21:56,719 - INFO - 1 change detected
2026-07-14 21:21:57,132 - INFO - 1 change detected
2026-07-14 21:21:57,494 - INFO - 1 change detected
2026-07-14 21:21:57,910 - INFO - 1 change detected
2026-07-14 21:21:58,323 - INFO - 1 change detected
2026-07-14 21:21:58,682 - INFO - 1 change detected
2026-07-14 21:21:59,096 - INFO - 1 change detected
2026-07-14 21:21:59,509 - INFO - 1 change detected
2026-07-14 21:21:59,871 - INFO - 1 change detected
2026-07-14 21:22:00,284 - INFO - 1 change detected
2026-07-14 21:22:00,694 - INFO - 1 change detected
2026-07-14 21:22:01,105 - INFO - 1 change detected
2026-07-14 21:22:01,467 - INFO - 1 change detected
2026-07-14 21:22:01,882 - INFO - 1 change detected
2026-07-14 21:22:02,294 - INFO - 1 change detected
2026-07-14 21:22:02,707 - INFO - 1 change detected
2026-07-14 21:22:03,115 - INFO - 1 change detected
2026-07-14 21:22:03,527 - INFO - 1 change detected
2026-07-14 21:22:03,939 - INFO - 1 change detected
2026-07-14 21:22:04,300 - INFO - 1 change detected
2026-07-14 21:22:04,715 - INFO - 1 change detected
2026-07-14 21:22:05,128 - INFO - 1 change detected
2026-07-14 21:22:05,487 - INFO - 1 change detected
2026-07-14 21:22:05,901 - INFO - 1 change detected
2026-07-14 21:22:06,310 - INFO - 1 change detected
2026-07-14 21:22:06,723 - INFO - 1 change detected
2026-07-14 21:22:07,134 - INFO - 1 change detected
2026-07-14 21:22:07,546 - INFO - 1 change detected
2026-07-14 21:22:07,908 - INFO - 1 change detected
2026-07-14 21:22:08,322 - INFO - 1 change detected
2026-07-14 21:22:08,736 - INFO - 1 change detected
2026-07-14 21:22:09,096 - INFO - 1 change detected
2026-07-14 21:22:09,511 - INFO - 1 change detected
2026-07-14 21:22:09,871 - INFO - 1 change detected
2026-07-14 21:22:10,283 - INFO - 1 change detected
2026-07-14 21:22:10,694 - INFO - 1 change detected
2026-07-14 21:22:11,107 - INFO - 1 change detected
2026-07-14 21:22:11,519 - INFO - 1 change detected
2026-07-14 21:22:11,881 - INFO - 1 change detected
2026-07-14 21:22:12,294 - INFO - 1 change detected
2026-07-14 21:22:12,706 - INFO - 1 change detected
2026-07-14 21:22:13,119 - INFO - 1 change detected
2026-07-14 21:22:13,479 - INFO - 1 change detected
2026-07-14 21:22:13,895 - INFO - 1 change detected
2026-07-14 21:22:14,311 - INFO - 1 change detected
2026-07-14 21:22:14,677 - INFO - 1 change detected
2026-07-14 21:22:15,093 - INFO - 1 change detected
2026-07-14 21:22:15,508 - INFO - 1 change detected
2026-07-14 21:22:15,923 - INFO - 1 change detected
2026-07-14 21:22:16,287 - INFO - 1 change detected
2026-07-14 21:22:16,690 - INFO - 1 change detected
2026-07-14 21:22:17,092 - INFO - 1 change detected
2026-07-14 21:22:17,507 - INFO - 1 change detected
2026-07-14 21:22:17,920 - INFO - 1 change detected
2026-07-14 21:22:18,337 - INFO - 1 change detected
2026-07-14 21:22:18,753 - INFO - 1 change detected
2026-07-14 21:22:19,117 - INFO - 1 change detected
2026-07-14 21:22:19,531 - INFO - 1 change detected
2026-07-14 21:22:19,946 - INFO - 1 change detected
2026-07-14 21:22:20,360 - INFO - 1 change detected
2026-07-14 21:22:20,726 - INFO - 1 change detected
2026-07-14 21:22:21,139 - INFO - 1 change detected
2026-07-14 21:22:21,552 - INFO - 1 change detected
2026-07-14 21:22:21,912 - INFO - 1 change detected
2026-07-14 21:22:22,327 - INFO - 1 change detected
2026-07-14 21:22:22,731 - INFO - 1 change detected
2026-07-14 21:22:23,144 - INFO - 1 change detected
2026-07-14 21:22:23,507 - INFO - 1 change detected
2026-07-14 21:22:23,924 - INFO - 1 change detected
2026-07-14 21:22:24,335 - INFO - 1 change detected
2026-07-14 21:22:24,699 - INFO - 1 change detected
2026-07-14 21:22:25,114 - INFO - 1 change detected
2026-07-14 21:22:25,528 - INFO - 1 change detected
2026-07-14 21:22:25,893 - INFO - 1 change detected
2026-07-14 21:22:26,296 - INFO - 1 change detected
2026-07-14 21:22:26,708 - INFO - 1 change detected
2026-07-14 21:22:27,121 - INFO - 1 change detected
2026-07-14 21:22:27,483 - INFO - 1 change detected
2026-07-14 21:22:27,899 - INFO - 1 change detected
2026-07-14 21:22:28,314 - INFO - 1 change detected
2026-07-14 21:22:28,715 - INFO - 1 change detected
2026-07-14 21:22:29,079 - INFO - 1 change detected
2026-07-14 21:22:29,532 - INFO - 1 change detected
2026-07-14 21:22:29,896 - INFO - 1 change detected
2026-07-14 21:22:30,298 - INFO - 1 change detected
2026-07-14 21:22:30,711 - INFO - 1 change detected
2026-07-14 21:22:31,121 - INFO - 1 change detected
2026-07-14 21:22:31,537 - INFO - 1 change detected
2026-07-14 21:22:31,951 - INFO - 1 change detected
2026-07-14 21:22:32,317 - INFO - 1 change detected
2026-07-14 21:22:32,722 - INFO - 1 change detected
2026-07-14 21:22:33,136 - INFO - 1 change detected
2026-07-14 21:22:33,552 - INFO - 1 change detected
2026-07-14 21:22:33,917 - INFO - 1 change detected
2026-07-14 21:22:34,319 - INFO - 1 change detected
2026-07-14 21:22:34,732 - INFO - 1 change detected
2026-07-14 21:22:35,145 - INFO - 1 change detected
2026-07-14 21:22:35,508 - INFO - 1 change detected
2026-07-14 21:22:35,925 - INFO - 1 change detected
2026-07-14 21:22:36,342 - INFO - 1 change detected
2026-07-14 21:22:36,759 - INFO - 1 change detected
2026-07-14 21:22:37,173 - INFO - 1 change detected
2026-07-14 21:22:37,540 - INFO - 1 change detected
2026-07-14 21:22:37,942 - INFO - 1 change detected
2026-07-14 21:22:38,358 - INFO - 1 change detected
2026-07-14 21:22:38,768 - INFO - 1 change detected
2026-07-14 21:22:39,183 - INFO - 1 change detected
2026-07-14 21:22:39,598 - INFO - 1 change detected
2026-07-14 21:22:39,962 - INFO - 1 change detected
2026-07-14 21:22:40,414 - INFO - 1 change detected
2026-07-14 21:22:40,826 - INFO - 1 change detected
2026-07-14 21:22:41,190 - INFO - 1 change detected
2026-07-14 21:22:41,593 - INFO - 1 change detected
2026-07-14 21:22:42,008 - INFO - 1 change detected
2026-07-14 21:22:42,423 - INFO - 1 change detected
2026-07-14 21:22:42,835 - INFO - 1 change detected
2026-07-14 21:22:43,198 - INFO - 1 change detected
2026-07-14 21:22:43,616 - INFO - 1 change detected
2026-07-14 21:22:44,033 - INFO - 1 change detected
2026-07-14 21:22:44,397 - INFO - 1 change detected
2026-07-14 21:22:44,798 - INFO - 1 change detected
2026-07-14 21:22:45,214 - INFO - 1 change detected
2026-07-14 21:22:45,628 - INFO - 1 change detected
2026-07-14 21:22:45,993 - INFO - 1 change detected
2026-07-14 21:22:46,408 - INFO - 1 change detected
2026-07-14 21:22:46,822 - INFO - 1 change detected
2026-07-14 21:22:47,238 - INFO - 1 change detected
2026-07-14 21:22:47,655 - INFO - 1 change detected
2026-07-14 21:22:48,021 - INFO - 1 change detected
2026-07-14 21:22:48,422 - INFO - 1 change detected
2026-07-14 21:22:48,835 - INFO - 1 change detected
2026-07-14 21:22:49,251 - INFO - 1 change detected
2026-07-14 21:22:49,615 - INFO - 1 change detected
2026-07-14 21:22:50,031 - INFO - 1 change detected
2026-07-14 21:22:50,439 - INFO - 1 change detected
2026-07-14 21:22:50,804 - INFO - 1 change detected
2026-07-14 21:22:51,206 - INFO - 1 change detected
2026-07-14 21:22:51,621 - INFO - 1 change detected
2026-07-14 21:22:52,037 - INFO - 1 change detected
2026-07-14 21:22:52,453 - INFO - 1 change detected
2026-07-14 21:22:52,819 - INFO - 1 change detected
2026-07-14 21:22:53,222 - INFO - 1 change detected
2026-07-14 21:22:53,638 - INFO - 1 change detected
2026-07-14 21:22:54,050 - INFO - 1 change detected
2026-07-14 21:22:54,412 - INFO - 1 change detected
2026-07-14 21:22:54,864 - INFO - 1 change detected
2026-07-14 21:22:55,224 - INFO - 1 change detected
2026-07-14 21:22:55,626 - INFO - 1 change detected
2026-07-14 21:22:56,042 - INFO - 1 change detected
2026-07-14 21:22:56,458 - INFO - 1 change detected
2026-07-14 21:22:56,860 - INFO - 1 change detected
2026-07-14 21:22:57,225 - INFO - 1 change detected
2026-07-14 21:22:57,627 - INFO - 1 change detected
2026-07-14 21:22:58,041 - INFO - 1 change detected
2026-07-14 21:22:58,453 - INFO - 1 change detected
2026-07-14 21:22:58,869 - INFO - 1 change detected
2026-07-14 21:22:59,234 - INFO - 1 change detected
2026-07-14 21:22:59,638 - INFO - 1 change detected
2026-07-14 21:23:00,058 - INFO - 1 change detected
2026-07-14 21:23:00,474 - INFO - 1 change detected
2026-07-14 21:23:00,891 - INFO - 1 change detected
2026-07-14 21:23:01,255 - INFO - 1 change detected
2026-07-14 21:23:01,707 - INFO - 1 change detected
2026-07-14 21:23:02,068 - INFO - 1 change detected
2026-07-14 21:23:02,471 - INFO - 1 change detected
2026-07-14 21:23:02,887 - INFO - 1 change detected
2026-07-14 21:23:03,304 - INFO - 1 change detected
2026-07-14 21:23:03,706 - INFO - 1 change detected
2026-07-14 21:23:04,071 - INFO - 1 change detected
2026-07-14 21:23:04,523 - INFO - 1 change detected
2026-07-14 21:23:04,885 - INFO - 1 change detected
2026-07-14 21:23:05,288 - INFO - 1 change detected
2026-07-14 21:23:05,700 - INFO - 1 change detected
2026-07-14 21:23:06,114 - INFO - 1 change detected
2026-07-14 21:23:06,530 - INFO - 1 change detected
2026-07-14 21:23:06,895 - INFO - 1 change detected
2026-07-14 21:23:07,299 - INFO - 1 change detected
2026-07-14 21:23:07,715 - INFO - 1 change detected
2026-07-14 21:23:08,132 - INFO - 1 change detected
2026-07-14 21:23:08,534 - INFO - 1 change detected
2026-07-14 21:23:08,899 - INFO - 1 change detected
2026-07-14 21:23:09,315 - INFO - 1 change detected
2026-07-14 21:23:09,727 - INFO - 1 change detected
2026-07-14 21:23:10,141 - INFO - 1 change detected
2026-07-14 21:23:10,504 - INFO - 1 change detected
2026-07-14 21:23:10,920 - INFO - 1 change detected
2026-07-14 21:23:11,323 - INFO - 1 change detected
2026-07-14 21:23:11,739 - INFO - 1 change detected
2026-07-14 21:23:12,155 - INFO - 1 change detected
2026-07-14 21:23:12,519 - INFO - 1 change detected
2026-07-14 21:23:12,923 - INFO - 1 change detected
2026-07-14 21:23:13,334 - INFO - 1 change detected
2026-07-14 21:23:13,745 - INFO - 1 change detected
2026-07-14 21:23:14,111 - INFO - 1 change detected
2026-07-14 21:23:14,514 - INFO - 1 change detected
2026-07-14 21:23:14,929 - INFO - 1 change detected
2026-07-14 21:23:15,345 - INFO - 1 change detected
2026-07-14 21:23:15,708 - INFO - 1 change detected
2026-07-14 21:23:16,109 - INFO - 1 change detected
2026-07-14 21:23:16,524 - INFO - 1 change detected
2026-07-14 21:23:16,939 - INFO - 1 change detected
2026-07-14 21:23:17,299 - INFO - 1 change detected
2026-07-14 21:23:17,716 - INFO - 1 change detected
2026-07-14 21:23:18,119 - INFO - 1 change detected
2026-07-14 21:23:18,535 - INFO - 1 change detected
2026-07-14 21:23:18,950 - INFO - 1 change detected
2026-07-14 21:23:19,365 - INFO - 1 change detected
2026-07-14 21:23:19,729 - INFO - 1 change detected
2026-07-14 21:23:20,131 - INFO - 1 change detected
2026-07-14 21:23:20,546 - INFO - 1 change detected
2026-07-14 21:23:20,961 - INFO - 1 change detected
2026-07-14 21:23:21,371 - INFO - 1 change detected
2026-07-14 21:23:21,737 - INFO - 1 change detected
2026-07-14 21:23:22,153 - INFO - 1 change detected
2026-07-14 21:23:22,565 - INFO - 1 change detected
2026-07-14 21:23:22,927 - INFO - 1 change detected
2026-07-14 21:23:23,343 - INFO - 1 change detected
2026-07-14 21:23:23,707 - INFO - 1 change detected
2026-07-14 21:23:24,124 - INFO - 1 change detected
2026-07-14 21:23:24,529 - INFO - 1 change detected
2026-07-14 21:23:24,892 - INFO - 1 change detected
2026-07-14 21:23:25,307 - INFO - 1 change detected
2026-07-14 21:23:25,723 - INFO - 1 change detected
2026-07-14 21:23:26,086 - INFO - 1 change detected
2026-07-14 21:23:26,489 - INFO - 1 change detected
2026-07-14 21:23:26,905 - INFO - 1 change detected
2026-07-14 21:23:27,320 - INFO - 1 change detected
2026-07-14 21:23:27,684 - INFO - 1 change detected
2026-07-14 21:23:28,086 - INFO - 1 change detected
2026-07-14 21:23:28,500 - INFO - 1 change detected
2026-07-14 21:23:28,912 - INFO - 1 change detected
2026-07-14 21:23:29,277 - INFO - 1 change detected
2026-07-14 21:23:29,679 - INFO - 1 change detected
2026-07-14 21:23:30,096 - INFO - 1 change detected
2026-07-14 21:23:30,511 - INFO - 1 change detected
2026-07-14 21:23:30,877 - INFO - 1 change detected
2026-07-14 21:23:31,290 - INFO - 1 change detected
2026-07-14 21:23:31,706 - INFO - 1 change detected
2026-07-14 21:23:32,072 - INFO - 1 change detected
2026-07-14 21:23:32,475 - INFO - 1 change detected
2026-07-14 21:23:32,888 - INFO - 1 change detected
2026-07-14 21:23:33,290 - INFO - 1 change detected
2026-07-14 21:23:33,705 - INFO - 1 change detected
2026-07-14 21:23:34,121 - INFO - 1 change detected
2026-07-14 21:23:34,488 - INFO - 1 change detected
2026-07-14 21:23:34,903 - INFO - 1 change detected
2026-07-14 21:23:35,319 - INFO - 1 change detected
2026-07-14 21:23:35,685 - INFO - 1 change detected
2026-07-14 21:23:36,089 - INFO - 1 change detected
2026-07-14 21:23:36,501 - INFO - 1 change detected
2026-07-14 21:23:36,914 - INFO - 1 change detected
2026-07-14 21:23:37,278 - INFO - 1 change detected
2026-07-14 21:23:37,680 - INFO - 1 change detected
2026-07-14 21:23:38,084 - INFO - 1 change detected
2026-07-14 21:23:38,500 - INFO - 1 change detected
2026-07-14 21:23:38,914 - INFO - 1 change detected
2026-07-14 21:23:39,280 - INFO - 1 change detected
2026-07-14 21:23:39,683 - INFO - 1 change detected
2026-07-14 21:23:40,085 - INFO - 1 change detected
2026-07-14 21:23:40,496 - INFO - 1 change detected
2026-07-14 21:23:40,911 - INFO - 1 change detected
2026-07-14 21:23:41,275 - INFO - 1 change detected
2026-07-14 21:23:41,692 - INFO - 1 change detected
2026-07-14 21:23:42,108 - INFO - 1 change detected
2026-07-14 21:23:42,474 - INFO - 1 change detected
2026-07-14 21:23:42,876 - INFO - 1 change detected
2026-07-14 21:23:43,293 - INFO - 1 change detected
2026-07-14 21:23:43,709 - INFO - 1 change detected
2026-07-14 21:23:44,074 - INFO - 1 change detected
2026-07-14 21:23:44,476 - INFO - 1 change detected
2026-07-14 21:23:44,890 - INFO - 1 change detected
2026-07-14 21:23:45,306 - INFO - 1 change detected
2026-07-14 21:23:45,672 - INFO - 1 change detected
2026-07-14 21:23:46,077 - INFO - 1 change detected
2026-07-14 21:23:46,491 - INFO - 1 change detected
2026-07-14 21:23:46,908 - INFO - 1 change detected
2026-07-14 21:23:47,310 - INFO - 1 change detected
2026-07-14 21:23:47,676 - INFO - 1 change detected
2026-07-14 21:23:48,092 - INFO - 1 change detected
2026-07-14 21:23:48,504 - INFO - 1 change detected
2026-07-14 21:23:48,906 - INFO - 1 change detected
2026-07-14 21:23:49,270 - INFO - 1 change detected
2026-07-14 21:23:49,673 - INFO - 1 change detected
2026-07-14 21:23:50,087 - INFO - 1 change detected
2026-07-14 21:23:50,500 - INFO - 1 change detected
2026-07-14 21:23:50,866 - INFO - 1 change detected
2026-07-14 21:23:51,269 - INFO - 1 change detected
2026-07-14 21:23:51,684 - INFO - 1 change detected
2026-07-14 21:23:52,096 - INFO - 1 change detected
2026-07-14 21:23:52,460 - INFO - 1 change detected
2026-07-14 21:23:52,871 - INFO - 1 change detected
2026-07-14 21:23:53,286 - INFO - 1 change detected
2026-07-14 21:23:53,702 - INFO - 1 change detected
2026-07-14 21:23:54,068 - INFO - 1 change detected
2026-07-14 21:23:54,471 - INFO - 1 change detected
2026-07-14 21:23:54,887 - INFO - 1 change detected
2026-07-14 21:23:55,302 - INFO - 1 change detected
2026-07-14 21:23:55,668 - INFO - 1 change detected
2026-07-14 21:23:56,081 - INFO - 1 change detected
2026-07-14 21:23:56,495 - INFO - 1 change detected
2026-07-14 21:23:56,860 - INFO - 1 change detected
2026-07-14 21:23:57,276 - INFO - 1 change detected
2026-07-14 21:23:57,692 - INFO - 1 change detected
2026-07-14 21:23:58,095 - INFO - 1 change detected
2026-07-14 21:23:58,460 - INFO - 1 change detected
2026-07-14 21:23:58,862 - INFO - 1 change detected
2026-07-14 21:23:59,276 - INFO - 1 change detected
2026-07-14 21:23:59,690 - INFO - 1 change detected
2026-07-14 21:24:00,051 - INFO - 1 change detected
2026-07-14 21:24:00,466 - INFO - 1 change detected
2026-07-14 21:24:00,881 - INFO - 1 change detected
2026-07-14 21:24:01,244 - INFO - 1 change detected
2026-07-14 21:24:01,660 - INFO - 1 change detected
2026-07-14 21:24:02,073 - INFO - 1 change detected
2026-07-14 21:24:02,438 - INFO - 1 change detected
2026-07-14 21:24:02,841 - INFO - 1 change detected
2026-07-14 21:24:03,256 - INFO - 1 change detected
2026-07-14 21:24:03,669 - INFO - 1 change detected
2026-07-14 21:24:04,030 - INFO - 1 change detected
2026-07-14 21:24:04,433 - INFO - 1 change detected
2026-07-14 21:24:04,847 - INFO - 1 change detected
2026-07-14 21:24:05,262 - INFO - 1 change detected
2026-07-14 21:24:05,626 - INFO - 1 change detected
2026-07-14 21:24:06,029 - INFO - 1 change detected
2026-07-14 21:24:06,445 - INFO - 1 change detected
2026-07-14 21:24:06,862 - INFO - 1 change detected
2026-07-14 21:24:07,228 - INFO - 1 change detected
2026-07-14 21:24:07,640 - INFO - 1 change detected
2026-07-14 21:24:08,050 - INFO - 1 change detected
2026-07-14 21:24:08,464 - INFO - 1 change detected
2026-07-14 21:24:08,878 - INFO - 1 change detected
2026-07-14 21:24:09,230 - INFO - 1 change detected
2026-07-14 21:24:09,632 - INFO - 1 change detected
2026-07-14 21:24:10,044 - INFO - 1 change detected
2026-07-14 21:24:10,453 - INFO - 1 change detected
2026-07-14 21:24:10,814 - INFO - 1 change detected
2026-07-14 21:24:11,228 - INFO - 1 change detected
2026-07-14 21:24:11,639 - INFO - 1 change detected
2026-07-14 21:24:11,998 - INFO - 1 change detected
2026-07-14 21:24:12,411 - INFO - 1 change detected
2026-07-14 21:24:12,825 - INFO - 1 change detected
2026-07-14 21:24:13,184 - INFO - 1 change detected
2026-07-14 21:24:13,599 - INFO - 1 change detected
2026-07-14 21:24:14,011 - INFO - 1 change detected
2026-07-14 21:24:14,372 - INFO - 1 change detected
2026-07-14 21:24:14,785 - INFO - 1 change detected
2026-07-14 21:24:15,196 - INFO - 1 change detected
2026-07-14 21:24:15,556 - INFO - 1 change detected
2026-07-14 21:24:15,971 - INFO - 1 change detected
2026-07-14 21:24:16,382 - INFO - 1 change detected
2026-07-14 21:24:16,742 - INFO - 1 change detected
2026-07-14 21:24:17,156 - INFO - 1 change detected
2026-07-14 21:24:17,569 - INFO - 1 change detected
2026-07-14 21:24:17,970 - INFO - 1 change detected
2026-07-14 21:24:18,385 - INFO - 1 change detected
2026-07-14 21:24:18,748 - INFO - 1 change detected
2026-07-14 21:24:19,166 - INFO - 1 change detected
2026-07-14 21:24:19,582 - INFO - 1 change detected
2026-07-14 21:24:19,946 - INFO - 1 change detected
2026-07-14 21:24:20,361 - INFO - 1 change detected
2026-07-14 21:24:20,774 - INFO - 1 change detected
2026-07-14 21:24:21,139 - INFO - 1 change detected
2026-07-14 21:24:21,554 - INFO - 1 change detected
2026-07-14 21:24:21,968 - INFO - 1 change detected
2026-07-14 21:24:22,332 - INFO - 1 change detected
2026-07-14 21:24:22,748 - INFO - 1 change detected
2026-07-14 21:24:23,162 - INFO - 1 change detected
2026-07-14 21:24:23,528 - INFO - 1 change detected
2026-07-14 21:24:23,932 - INFO - 1 change detected
2026-07-14 21:24:24,346 - INFO - 1 change detected
2026-07-14 21:24:24,762 - INFO - 1 change detected
2026-07-14 21:24:25,127 - INFO - 1 change detected
2026-07-14 21:24:25,543 - INFO - 1 change detected
2026-07-14 21:24:25,954 - INFO - 1 change detected
2026-07-14 21:24:26,319 - INFO - 1 change detected
2026-07-14 21:24:26,735 - INFO - 1 change detected
2026-07-14 21:24:27,150 - INFO - 1 change detected
2026-07-14 21:24:27,516 - INFO - 1 change detected
2026-07-14 21:24:27,919 - INFO - 1 change detected
2026-07-14 21:24:28,331 - INFO - 1 change detected
2026-07-14 21:24:28,746 - INFO - 1 change detected
2026-07-14 21:24:29,109 - INFO - 1 change detected
2026-07-14 21:24:29,522 - INFO - 1 change detected
2026-07-14 21:24:29,937 - INFO - 1 change detected
2026-07-14 21:24:30,300 - INFO - 1 change detected
2026-07-14 21:24:30,716 - INFO - 1 change detected
2026-07-14 21:24:31,132 - INFO - 1 change detected
2026-07-14 21:24:31,493 - INFO - 1 change detected
2026-07-14 21:24:31,910 - INFO - 1 change detected
2026-07-14 21:24:32,322 - INFO - 1 change detected
2026-07-14 21:24:32,687 - INFO - 1 change detected
2026-07-14 21:24:33,088 - INFO - 1 change detected
2026-07-14 21:24:33,502 - INFO - 1 change detected
2026-07-14 21:24:33,919 - INFO - 1 change detected
2026-07-14 21:24:34,321 - INFO - 1 change detected
2026-07-14 21:24:34,686 - INFO - 1 change detected
2026-07-14 21:24:35,090 - INFO - 1 change detected
2026-07-14 21:24:35,505 - INFO - 1 change detected
2026-07-14 21:24:35,918 - INFO - 1 change detected
2026-07-14 21:24:36,321 - INFO - 1 change detected
2026-07-14 21:24:36,684 - INFO - 1 change detected
2026-07-14 21:24:37,085 - INFO - 1 change detected
2026-07-14 21:24:37,497 - INFO - 1 change detected
2026-07-14 21:24:37,899 - INFO - 1 change detected
2026-07-14 21:24:38,312 - INFO - 1 change detected
2026-07-14 21:24:38,678 - INFO - 1 change detected
2026-07-14 21:24:39,081 - INFO - 1 change detected
2026-07-14 21:24:39,494 - INFO - 1 change detected
2026-07-14 21:24:39,906 - INFO - 1 change detected
2026-07-14 21:24:40,270 - INFO - 1 change detected
2026-07-14 21:24:40,687 - INFO - 1 change detected
2026-07-14 21:24:41,098 - INFO - 1 change detected
2026-07-14 21:24:41,461 - INFO - 1 change detected
2026-07-14 21:24:41,879 - INFO - 1 change detected
2026-07-14 21:24:42,293 - INFO - 1 change detected
2026-07-14 21:24:42,658 - INFO - 1 change detected
2026-07-14 21:24:43,062 - INFO - 1 change detected
2026-07-14 21:24:43,475 - INFO - 1 change detected
2026-07-14 21:24:43,886 - INFO - 1 change detected
2026-07-14 21:24:44,301 - INFO - 1 change detected
2026-07-14 21:24:44,664 - INFO - 1 change detected
2026-07-14 21:24:45,079 - INFO - 1 change detected
2026-07-14 21:24:45,494 - INFO - 1 change detected
2026-07-14 21:24:45,858 - INFO - 1 change detected
2026-07-14 21:24:46,261 - INFO - 1 change detected
2026-07-14 21:24:46,676 - INFO - 1 change detected
2026-07-14 21:24:47,080 - INFO - 1 change detected
2026-07-14 21:24:47,492 - INFO - 1 change detected
2026-07-14 21:24:47,855 - INFO - 1 change detected
2026-07-14 21:24:48,273 - INFO - 1 change detected
2026-07-14 21:24:48,685 - INFO - 1 change detected
2026-07-14 21:24:49,046 - INFO - 1 change detected
2026-07-14 21:24:49,463 - INFO - 1 change detected
2026-07-14 21:24:49,880 - INFO - 1 change detected
2026-07-14 21:24:50,243 - INFO - 1 change detected
2026-07-14 21:24:50,648 - INFO - 1 change detected
2026-07-14 21:24:51,063 - INFO - 1 change detected
2026-07-14 21:24:51,474 - INFO - 1 change detected
2026-07-14 21:24:51,889 - INFO - 1 change detected
2026-07-14 21:24:52,254 - INFO - 1 change detected
2026-07-14 21:24:52,670 - INFO - 1 change detected
2026-07-14 21:24:53,031 - INFO - 1 change detected
2026-07-14 21:24:53,433 - INFO - 1 change detected
2026-07-14 21:24:53,847 - INFO - 1 change detected
2026-07-14 21:24:54,248 - INFO - 1 change detected
2026-07-14 21:24:54,665 - INFO - 1 change detected
2026-07-14 21:24:55,028 - INFO - 1 change detected
2026-07-14 21:24:55,440 - INFO - 1 change detected
2026-07-14 21:24:55,855 - INFO - 1 change detected
2026-07-14 21:24:56,270 - INFO - 1 change detected
2026-07-14 21:24:56,631 - INFO - 1 change detected
2026-07-14 21:24:57,048 - INFO - 1 change detected
2026-07-14 21:24:57,463 - INFO - 1 change detected
2026-07-14 21:24:57,828 - INFO - 1 change detected
2026-07-14 21:24:58,231 - INFO - 1 change detected
2026-07-14 21:24:58,645 - INFO - 1 change detected
2026-07-14 21:24:59,057 - INFO - 1 change detected
2026-07-14 21:24:59,419 - INFO - 1 change detected
2026-07-14 21:24:59,823 - INFO - 1 change detected
2026-07-14 21:25:00,237 - INFO - 1 change detected
2026-07-14 21:25:00,648 - INFO - 1 change detected
2026-07-14 21:25:01,012 - INFO - 1 change detected
2026-07-14 21:25:01,429 - INFO - 1 change detected
2026-07-14 21:25:01,843 - INFO - 1 change detected
2026-07-14 21:25:02,207 - INFO - 1 change detected
2026-07-14 21:25:02,611 - INFO - 1 change detected
2026-07-14 21:25:03,024 - INFO - 1 change detected
2026-07-14 21:25:03,441 - INFO - 1 change detected
2026-07-14 21:25:03,804 - INFO - 1 change detected
2026-07-14 21:25:04,220 - INFO - 1 change detected
2026-07-14 21:25:04,632 - INFO - 1 change detected
2026-07-14 21:25:04,998 - INFO - 1 change detected
2026-07-14 21:25:05,413 - INFO - 1 change detected
2026-07-14 21:25:05,828 - INFO - 1 change detected
2026-07-14 21:25:06,194 - INFO - 1 change detected
2026-07-14 21:25:06,610 - INFO - 1 change detected
2026-07-14 21:25:07,023 - INFO - 1 change detected
2026-07-14 21:25:07,388 - INFO - 1 change detected
2026-07-14 21:25:07,791 - INFO - 1 change detected
2026-07-14 21:25:08,204 - INFO - 1 change detected
2026-07-14 21:25:08,621 - INFO - 1 change detected
2026-07-14 21:25:08,986 - INFO - 1 change detected
2026-07-14 21:25:09,403 - INFO - 1 change detected
2026-07-14 21:25:09,820 - INFO - 1 change detected
2026-07-14 21:25:10,235 - INFO - 1 change detected
2026-07-14 21:25:10,595 - INFO - 1 change detected
2026-07-14 21:25:11,013 - INFO - 1 change detected
2026-07-14 21:25:11,425 - INFO - 1 change detected
2026-07-14 21:25:11,790 - INFO - 1 change detected
2026-07-14 21:25:12,207 - INFO - 1 change detected
2026-07-14 21:25:12,624 - INFO - 1 change detected
2026-07-14 21:25:13,033 - INFO - 1 change detected
2026-07-14 21:25:13,397 - INFO - 1 change detected
2026-07-14 21:25:13,802 - INFO - 1 change detected
2026-07-14 21:25:14,216 - INFO - 1 change detected
2026-07-14 21:25:14,627 - INFO - 1 change detected
2026-07-14 21:25:14,993 - INFO - 1 change detected
2026-07-14 21:25:15,410 - INFO - 1 change detected
2026-07-14 21:25:15,823 - INFO - 1 change detected
2026-07-14 21:25:16,185 - INFO - 1 change detected
2026-07-14 21:25:16,587 - INFO - 1 change detected
2026-07-14 21:25:17,001 - INFO - 1 change detected
2026-07-14 21:25:17,418 - INFO - 1 change detected
2026-07-14 21:25:17,783 - INFO - 1 change detected
2026-07-14 21:25:18,186 - INFO - 1 change detected
2026-07-14 21:25:18,600 - INFO - 1 change detected
2026-07-14 21:25:19,012 - INFO - 1 change detected
2026-07-14 21:25:19,378 - INFO - 1 change detected
2026-07-14 21:25:19,780 - INFO - 1 change detected
2026-07-14 21:25:20,195 - INFO - 1 change detected
2026-07-14 21:25:20,611 - INFO - 1 change detected
2026-07-14 21:25:20,977 - INFO - 1 change detected
2026-07-14 21:25:21,394 - INFO - 1 change detected
2026-07-14 21:25:21,809 - INFO - 1 change detected
2026-07-14 21:25:22,175 - INFO - 1 change detected
2026-07-14 21:25:22,591 - INFO - 1 change detected
2026-07-14 21:25:22,994 - INFO - 1 change detected
2026-07-14 21:25:23,410 - INFO - 1 change detected
2026-07-14 21:25:23,771 - INFO - 1 change detected
2026-07-14 21:25:24,188 - INFO - 1 change detected
2026-07-14 21:25:24,604 - INFO - 1 change detected
2026-07-14 21:25:24,967 - INFO - 1 change detected
2026-07-14 21:25:25,369 - INFO - 1 change detected
2026-07-14 21:25:25,784 - INFO - 1 change detected
2026-07-14 21:25:26,199 - INFO - 1 change detected
2026-07-14 21:25:26,562 - INFO - 1 change detected
2026-07-14 21:25:26,966 - INFO - 1 change detected
2026-07-14 21:25:27,384 - INFO - 1 change detected
2026-07-14 21:25:27,798 - INFO - 1 change detected
2026-07-14 21:25:28,163 - INFO - 1 change detected
2026-07-14 21:25:28,566 - INFO - 1 change detected
2026-07-14 21:25:28,980 - INFO - 1 change detected
2026-07-14 21:25:29,396 - INFO - 1 change detected
2026-07-14 21:25:29,762 - INFO - 1 change detected
2026-07-14 21:25:30,164 - INFO - 1 change detected
2026-07-14 21:25:30,578 - INFO - 1 change detected
2026-07-14 21:25:30,994 - INFO - 1 change detected
2026-07-14 21:25:31,405 - INFO - 1 change detected
2026-07-14 21:25:31,770 - INFO - 1 change detected
2026-07-14 21:25:32,187 - INFO - 1 change detected
2026-07-14 21:25:32,601 - INFO - 1 change detected
2026-07-14 21:25:32,964 - INFO - 1 change detected
2026-07-14 21:25:33,366 - INFO - 1 change detected
2026-07-14 21:25:33,782 - INFO - 1 change detected
2026-07-14 21:25:34,191 - INFO - 1 change detected
2026-07-14 21:25:34,554 - INFO - 1 change detected
2026-07-14 21:25:34,972 - INFO - 1 change detected
2026-07-14 21:25:35,435 - INFO - 1 change detected
2026-07-14 21:25:35,794 - INFO - 1 change detected
2026-07-14 21:25:36,210 - INFO - 1 change detected
2026-07-14 21:25:36,624 - INFO - 1 change detected
2026-07-14 21:25:37,037 - INFO - 1 change detected
2026-07-14 21:25:37,400 - INFO - 1 change detected
2026-07-14 21:25:37,815 - INFO - 1 change detected
2026-07-14 21:25:38,224 - INFO - 1 change detected
2026-07-14 21:25:38,625 - INFO - 1 change detected
2026-07-14 21:25:38,990 - INFO - 1 change detected
2026-07-14 21:25:39,392 - INFO - 1 change detected
2026-07-14 21:25:39,809 - INFO - 1 change detected
2026-07-14 21:25:40,224 - INFO - 1 change detected
2026-07-14 21:25:40,587 - INFO - 1 change detected
2026-07-14 21:25:40,990 - INFO - 1 change detected
2026-07-14 21:25:41,405 - INFO - 1 change detected
2026-07-14 21:25:41,819 - INFO - 1 change detected
2026-07-14 21:25:42,233 - INFO - 1 change detected
2026-07-14 21:25:42,600 - INFO - 1 change detected
2026-07-14 21:25:43,016 - INFO - 1 change detected
2026-07-14 21:25:43,378 - INFO - 1 change detected
2026-07-14 21:25:43,780 - INFO - 1 change detected
2026-07-14 21:25:44,182 - INFO - 1 change detected
2026-07-14 21:25:44,597 - INFO - 1 change detected
2026-07-14 21:25:45,013 - INFO - 1 change detected
2026-07-14 21:25:45,379 - INFO - 1 change detected
2026-07-14 21:25:45,781 - INFO - 1 change detected
2026-07-14 21:25:46,196 - INFO - 1 change detected
2026-07-14 21:25:46,609 - INFO - 1 change detected
2026-07-14 21:25:46,971 - INFO - 1 change detected
2026-07-14 21:25:47,373 - INFO - 1 change detected
2026-07-14 21:25:47,791 - INFO - 1 change detected
2026-07-14 21:25:48,206 - INFO - 1 change detected
2026-07-14 21:25:48,621 - INFO - 1 change detected
2026-07-14 21:25:49,028 - INFO - 1 change detected
2026-07-14 21:25:49,388 - INFO - 1 change detected
2026-07-14 21:25:49,803 - INFO - 1 change detected
2026-07-14 21:25:50,167 - INFO - 1 change detected
2026-07-14 21:25:50,583 - INFO - 1 change detected
2026-07-14 21:25:50,998 - INFO - 1 change detected
2026-07-14 21:25:51,364 - INFO - 1 change detected
2026-07-14 21:25:51,768 - INFO - 1 change detected
2026-07-14 21:25:52,182 - INFO - 1 change detected
2026-07-14 21:25:52,597 - INFO - 1 change detected
2026-07-14 21:25:53,001 - INFO - 1 change detected
2026-07-14 21:25:53,360 - INFO - 1 change detected
2026-07-14 21:25:53,777 - INFO - 1 change detected
2026-07-14 21:25:54,191 - INFO - 1 change detected
2026-07-14 21:25:54,554 - INFO - 1 change detected
2026-07-14 21:25:54,972 - INFO - 1 change detected
2026-07-14 21:25:55,387 - INFO - 1 change detected
2026-07-14 21:25:55,753 - INFO - 1 change detected
2026-07-14 21:25:56,154 - INFO - 1 change detected
2026-07-14 21:25:56,571 - INFO - 1 change detected
2026-07-14 21:25:56,986 - INFO - 1 change detected
2026-07-14 21:25:57,351 - INFO - 1 change detected
2026-07-14 21:25:57,753 - INFO - 1 change detected
2026-07-14 21:25:58,169 - INFO - 1 change detected
2026-07-14 21:25:58,580 - INFO - 1 change detected
2026-07-14 21:25:58,995 - INFO - 1 change detected
2026-07-14 21:25:59,361 - INFO - 1 change detected
2026-07-14 21:25:59,777 - INFO - 1 change detected
2026-07-14 21:26:00,190 - INFO - 1 change detected
2026-07-14 21:26:00,555 - INFO - 1 change detected
2026-07-14 21:26:00,972 - INFO - 1 change detected
2026-07-14 21:26:01,384 - INFO - 1 change detected
2026-07-14 21:26:01,751 - INFO - 1 change detected
2026-07-14 21:26:02,167 - INFO - 1 change detected
2026-07-14 21:26:02,579 - INFO - 1 change detected
2026-07-14 21:26:02,993 - INFO - 1 change detected
2026-07-14 21:26:03,359 - INFO - 1 change detected
2026-07-14 21:26:03,775 - INFO - 1 change detected
2026-07-14 21:26:04,191 - INFO - 1 change detected
2026-07-14 21:26:04,557 - INFO - 1 change detected
2026-07-14 21:26:04,959 - INFO - 1 change detected
2026-07-14 21:26:05,371 - INFO - 1 change detected
2026-07-14 21:26:05,783 - INFO - 1 change detected
2026-07-14 21:26:06,146 - INFO - 1 change detected
2026-07-14 21:26:06,548 - INFO - 1 change detected
2026-07-14 21:26:06,965 - INFO - 1 change detected
2026-07-14 21:26:07,379 - INFO - 1 change detected
2026-07-14 21:26:07,743 - INFO - 1 change detected
2026-07-14 21:26:08,147 - INFO - 1 change detected
2026-07-14 21:26:08,559 - INFO - 1 change detected
2026-07-14 21:26:08,973 - INFO - 1 change detected
2026-07-14 21:26:09,388 - INFO - 1 change detected
2026-07-14 21:26:09,803 - INFO - 1 change detected
2026-07-14 21:26:10,216 - INFO - 1 change detected
2026-07-14 21:26:10,577 - INFO - 1 change detected
2026-07-14 21:26:10,980 - INFO - 1 change detected
2026-07-14 21:26:11,394 - INFO - 1 change detected
2026-07-14 21:26:11,806 - INFO - 1 change detected
2026-07-14 21:26:12,213 - INFO - 1 change detected
2026-07-14 21:26:12,619 - INFO - 1 change detected
2026-07-14 21:26:12,976 - INFO - 1 change detected
2026-07-14 21:26:13,393 - INFO - 1 change detected
2026-07-14 21:26:13,805 - INFO - 1 change detected
2026-07-14 21:26:14,167 - INFO - 1 change detected
2026-07-14 21:26:14,571 - INFO - 1 change detected
2026-07-14 21:26:14,986 - INFO - 1 change detected
2026-07-14 21:26:15,401 - INFO - 1 change detected
2026-07-14 21:26:15,765 - INFO - 1 change detected
2026-07-14 21:26:16,169 - INFO - 1 change detected
2026-07-14 21:26:16,581 - INFO - 1 change detected
2026-07-14 21:26:16,994 - INFO - 1 change detected
2026-07-14 21:26:17,358 - INFO - 1 change detected
2026-07-14 21:26:17,771 - INFO - 1 change detected
2026-07-14 21:26:18,173 - INFO - 1 change detected
2026-07-14 21:26:18,576 - INFO - 1 change detected
2026-07-14 21:26:18,990 - INFO - 1 change detected
2026-07-14 21:26:19,355 - INFO - 1 change detected
2026-07-14 21:26:19,772 - INFO - 1 change detected
2026-07-14 21:26:20,188 - INFO - 1 change detected
2026-07-14 21:26:20,551 - INFO - 1 change detected
2026-07-14 21:26:20,953 - INFO - 1 change detected
2026-07-14 21:26:21,368 - INFO - 1 change detected
2026-07-14 21:26:21,784 - INFO - 1 change detected
2026-07-14 21:26:22,149 - INFO - 1 change detected
2026-07-14 21:26:22,555 - INFO - 1 change detected
2026-07-14 21:26:22,967 - INFO - 1 change detected
2026-07-14 21:26:23,384 - INFO - 1 change detected
2026-07-14 21:26:23,749 - INFO - 1 change detected
2026-07-14 21:26:24,165 - INFO - 1 change detected
2026-07-14 21:26:24,578 - INFO - 1 change detected
2026-07-14 21:26:24,945 - INFO - 1 change detected
2026-07-14 21:26:25,358 - INFO - 1 change detected
2026-07-14 21:26:25,772 - INFO - 1 change detected
2026-07-14 21:26:26,181 - INFO - 1 change detected
2026-07-14 21:26:26,589 - INFO - 1 change detected
2026-07-14 21:26:26,946 - INFO - 1 change detected
2026-07-14 21:26:27,363 - INFO - 1 change detected
2026-07-14 21:26:27,780 - INFO - 1 change detected
2026-07-14 21:26:28,143 - INFO - 1 change detected
2026-07-14 21:26:28,546 - INFO - 1 change detected
2026-07-14 21:26:28,962 - INFO - 1 change detected
2026-07-14 21:26:29,375 - INFO - 1 change detected
2026-07-14 21:26:29,739 - INFO - 1 change detected
2026-07-14 21:26:30,144 - INFO - 1 change detected
2026-07-14 21:26:30,558 - INFO - 1 change detected
2026-07-14 21:26:30,972 - INFO - 1 change detected
2026-07-14 21:26:31,374 - INFO - 1 change detected
2026-07-14 21:26:31,734 - INFO - 1 change detected
2026-07-14 21:26:32,150 - INFO - 1 change detected
2026-07-14 21:26:32,567 - INFO - 1 change detected
2026-07-14 21:26:32,980 - INFO - 1 change detected
2026-07-14 21:26:33,342 - INFO - 1 change detected
2026-07-14 21:26:33,759 - INFO - 1 change detected
2026-07-14 21:26:34,174 - INFO - 1 change detected
2026-07-14 21:26:34,537 - INFO - 1 change detected
2026-07-14 21:26:34,939 - INFO - 1 change detected
2026-07-14 21:26:35,353 - INFO - 1 change detected
2026-07-14 21:26:35,767 - INFO - 1 change detected
2026-07-14 21:26:36,129 - INFO - 1 change detected
2026-07-14 21:26:36,532 - INFO - 1 change detected
2026-07-14 21:26:36,942 - INFO - 1 change detected
2026-07-14 21:26:37,356 - INFO - 1 change detected
2026-07-14 21:26:37,759 - INFO - 1 change detected
2026-07-14 21:26:38,171 - INFO - 1 change detected
2026-07-14 21:26:38,534 - INFO - 1 change detected
2026-07-14 21:26:38,937 - INFO - 1 change detected
2026-07-14 21:26:39,403 - INFO - 1 change detected
2026-07-14 21:26:39,763 - INFO - 1 change detected
2026-07-14 21:26:40,165 - INFO - 1 change detected
2026-07-14 21:26:40,579 - INFO - 1 change detected
2026-07-14 21:26:40,990 - INFO - 1 change detected
2026-07-14 21:26:41,353 - INFO - 1 change detected
2026-07-14 21:26:41,756 - INFO - 1 change detected
2026-07-14 21:26:42,171 - INFO - 1 change detected
2026-07-14 21:26:42,587 - INFO - 1 change detected
2026-07-14 21:26:42,951 - INFO - 1 change detected
2026-07-14 21:26:43,364 - INFO - 1 change detected
2026-07-14 21:26:43,778 - INFO - 1 change detected
2026-07-14 21:26:44,143 - INFO - 1 change detected
2026-07-14 21:26:44,559 - INFO - 1 change detected
2026-07-14 21:26:44,974 - INFO - 1 change detected
2026-07-14 21:26:45,339 - INFO - 1 change detected
2026-07-14 21:26:45,741 - INFO - 1 change detected
2026-07-14 21:26:46,154 - INFO - 1 change detected
2026-07-14 21:26:46,568 - INFO - 1 change detected
2026-07-14 21:26:46,932 - INFO - 1 change detected
2026-07-14 21:26:47,345 - INFO - 1 change detected
2026-07-14 21:26:47,760 - INFO - 1 change detected
2026-07-14 21:26:48,125 - INFO - 1 change detected
2026-07-14 21:26:48,541 - INFO - 1 change detected
2026-07-14 21:26:48,954 - INFO - 1 change detected
2026-07-14 21:26:49,321 - INFO - 1 change detected
2026-07-14 21:26:49,723 - INFO - 1 change detected
2026-07-14 21:26:50,137 - INFO - 1 change detected
2026-07-14 21:26:50,554 - INFO - 1 change detected
2026-07-14 21:26:50,966 - INFO - 1 change detected
2026-07-14 21:26:51,328 - INFO - 1 change detected
2026-07-14 21:26:51,744 - INFO - 1 change detected
2026-07-14 21:26:52,146 - INFO - 1 change detected
2026-07-14 21:26:52,559 - INFO - 1 change detected
2026-07-14 21:26:52,924 - INFO - 1 change detected
2026-07-14 21:26:53,325 - INFO - 1 change detected
2026-07-14 21:26:53,740 - INFO - 1 change detected
2026-07-14 21:26:54,156 - INFO - 1 change detected
2026-07-14 21:26:54,522 - INFO - 1 change detected
2026-07-14 21:26:54,938 - INFO - 1 change detected
2026-07-14 21:26:55,352 - INFO - 1 change detected
2026-07-14 21:26:55,717 - INFO - 1 change detected
2026-07-14 21:26:56,130 - INFO - 1 change detected
2026-07-14 21:26:56,542 - INFO - 1 change detected
2026-07-14 21:26:56,907 - INFO - 1 change detected
2026-07-14 21:26:57,310 - INFO - 1 change detected
2026-07-14 21:26:57,724 - INFO - 1 change detected
2026-07-14 21:26:58,138 - INFO - 1 change detected
2026-07-14 21:26:58,502 - INFO - 1 change detected
2026-07-14 21:26:58,917 - INFO - 1 change detected
2026-07-14 21:26:59,330 - INFO - 1 change detected
2026-07-14 21:26:59,697 - INFO - 1 change detected
2026-07-14 21:27:00,110 - INFO - 1 change detected
2026-07-14 21:27:00,524 - INFO - 1 change detected
2026-07-14 21:27:00,940 - INFO - 1 change detected
2026-07-14 21:27:01,304 - INFO - 1 change detected
2026-07-14 21:27:01,720 - INFO - 1 change detected
2026-07-14 21:27:02,132 - INFO - 1 change detected
2026-07-14 21:27:02,496 - INFO - 1 change detected
2026-07-14 21:27:02,911 - INFO - 1 change detected
2026-07-14 21:27:03,316 - INFO - 1 change detected
2026-07-14 21:27:03,679 - INFO - 1 change detected
2026-07-14 21:27:04,096 - INFO - 1 change detected
2026-07-14 21:27:04,512 - INFO - 1 change detected
2026-07-14 21:27:04,914 - INFO - 1 change detected
2026-07-14 21:27:05,275 - INFO - 1 change detected
2026-07-14 21:27:05,692 - INFO - 1 change detected
2026-07-14 21:27:06,108 - INFO - 1 change detected
2026-07-14 21:27:06,469 - INFO - 1 change detected
2026-07-14 21:27:06,887 - INFO - 1 change detected
2026-07-14 21:27:07,302 - INFO - 1 change detected
2026-07-14 21:27:07,666 - INFO - 1 change detected
2026-07-14 21:27:08,077 - INFO - 1 change detected
2026-07-14 21:27:08,491 - INFO - 1 change detected
2026-07-14 21:27:08,906 - INFO - 1 change detected
2026-07-14 21:27:09,272 - INFO - 1 change detected
2026-07-14 21:27:09,690 - INFO - 1 change detected
2026-07-14 21:27:10,105 - INFO - 1 change detected
2026-07-14 21:27:10,465 - INFO - 1 change detected
2026-07-14 21:27:10,876 - INFO - 1 change detected
2026-07-14 21:27:11,289 - INFO - 1 change detected
2026-07-14 21:27:11,649 - INFO - 1 change detected
2026-07-14 21:27:12,063 - INFO - 1 change detected
2026-07-14 21:27:12,474 - INFO - 1 change detected
2026-07-14 21:27:12,835 - INFO - 1 change detected
2026-07-14 21:27:13,251 - INFO - 1 change detected
2026-07-14 21:27:13,665 - INFO - 1 change detected
2026-07-14 21:27:14,028 - INFO - 1 change detected
2026-07-14 21:27:14,442 - INFO - 1 change detected
2026-07-14 21:27:14,845 - INFO - 1 change detected
2026-07-14 21:27:15,254 - INFO - 1 change detected
2026-07-14 21:27:15,614 - INFO - 1 change detected
2026-07-14 21:27:16,030 - INFO - 1 change detected
2026-07-14 21:27:16,442 - INFO - 1 change detected
2026-07-14 21:27:16,805 - INFO - 1 change detected
2026-07-14 21:27:17,219 - INFO - 1 change detected
2026-07-14 21:27:17,630 - INFO - 1 change detected
2026-07-14 21:27:17,990 - INFO - 1 change detected
2026-07-14 21:27:18,444 - INFO - 1 change detected
2026-07-14 21:27:18,847 - INFO - 4 changes detected
2026-07-14 21:27:19,226 - INFO - 1 change detected
2026-07-14 21:27:19,578 - INFO - 1 change detected
2026-07-14 21:27:19,937 - INFO - 1 change detected
2026-07-14 21:27:20,291 - INFO - 1 change detected
2026-07-14 21:27:20,651 - INFO - 1 change detected
2026-07-14 21:27:21,061 - INFO - 1 change detected
2026-07-14 21:27:21,464 - INFO - 1 change detected
2026-07-14 21:27:21,870 - INFO - 1 change detected
2026-07-14 21:27:22,278 - INFO - 1 change detected
2026-07-14 21:27:22,684 - INFO - 1 change detected
2026-07-14 21:27:23,090 - INFO - 1 change detected
2026-07-14 21:27:23,492 - INFO - 1 change detected
2026-07-14 21:27:23,899 - INFO - 1 change detected
2026-07-14 21:27:24,305 - INFO - 1 change detected
2026-07-14 21:27:24,708 - INFO - 1 change detected
2026-07-14 21:27:25,072 - INFO - 1 change detected
2026-07-14 21:27:25,484 - INFO - 1 change detected
2026-07-14 21:27:25,886 - INFO - 1 change detected
2026-07-14 21:27:26,288 - INFO - 1 change detected
2026-07-14 21:27:26,714 - INFO - 1 change detected
2026-07-14 21:27:27,119 - INFO - 1 change detected
2026-07-14 21:27:27,521 - INFO - 1 change detected
2026-07-14 21:27:27,883 - INFO - 1 change detected
2026-07-14 21:27:28,291 - INFO - 1 change detected
2026-07-14 21:27:28,696 - INFO - 1 change detected
2026-07-14 21:27:29,102 - INFO - 1 change detected
2026-07-14 21:27:29,506 - INFO - 1 change detected
2026-07-14 21:27:29,913 - INFO - 1 change detected
2026-07-14 21:27:30,266 - INFO - 1 change detected
2026-07-14 21:27:30,671 - INFO - 1 change detected
2026-07-14 21:27:31,072 - INFO - 1 change detected
2026-07-14 21:27:31,482 - INFO - 1 change detected
2026-07-14 21:27:31,886 - INFO - 1 change detected
2026-07-14 21:27:32,238 - INFO - 1 change detected
2026-07-14 21:27:32,648 - INFO - 1 change detected
2026-07-14 21:27:33,050 - INFO - 1 change detected
2026-07-14 21:27:33,454 - INFO - 1 change detected
2026-07-14 21:27:33,809 - INFO - 1 change detected
2026-07-14 21:27:34,218 - INFO - 1 change detected
2026-07-14 21:27:34,621 - INFO - 1 change detected
2026-07-14 21:27:35,025 - INFO - 1 change detected
2026-07-14 21:27:35,383 - INFO - 1 change detected
2026-07-14 21:27:35,794 - INFO - 1 change detected
2026-07-14 21:27:36,199 - INFO - 1 change detected
2026-07-14 21:27:36,558 - INFO - 1 change detected
2026-07-14 21:27:36,964 - INFO - 1 change detected
2026-07-14 21:27:37,372 - INFO - 1 change detected
2026-07-14 21:27:37,779 - INFO - 1 change detected
2026-07-14 21:27:38,136 - INFO - 1 change detected
2026-07-14 21:27:38,695 - INFO - 1 change detected
2026-07-14 21:27:39,051 - INFO - 1 change detected
2026-07-14 21:27:39,514 - INFO - 1 change detected
2026-07-14 21:27:39,866 - INFO - 1 change detected
2026-07-14 21:27:40,274 - INFO - 1 change detected
2026-07-14 21:27:40,683 - INFO - 1 change detected
2026-07-14 21:27:41,088 - INFO - 1 change detected
2026-07-14 21:27:41,493 - INFO - 1 change detected
2026-07-14 21:27:41,900 - INFO - 1 change detected
2026-07-14 21:27:42,311 - INFO - 1 change detected
2026-07-14 21:27:42,663 - INFO - 1 change detected
2026-07-14 21:27:43,068 - INFO - 1 change detected
2026-07-14 21:27:43,476 - INFO - 1 change detected
2026-07-14 21:27:43,878 - INFO - 1 change detected
2026-07-14 21:27:44,288 - INFO - 1 change detected
2026-07-14 21:27:44,698 - INFO - 1 change detected
2026-07-14 21:27:45,060 - INFO - 1 change detected
2026-07-14 21:27:45,471 - INFO - 1 change detected
2026-07-14 21:27:45,886 - INFO - 1 change detected
2026-07-14 21:27:46,289 - INFO - 1 change detected
2026-07-14 21:27:46,663 - INFO - 1 change detected
2026-07-14 21:27:47,072 - INFO - 1 change detected
2026-07-14 21:27:47,526 - INFO - 1 change detected
2026-07-14 21:27:47,897 - INFO - 1 change detected
2026-07-14 21:27:48,302 - INFO - 1 change detected
2026-07-14 21:27:48,715 - INFO - 1 change detected
2026-07-14 21:27:49,135 - INFO - 1 change detected
2026-07-14 21:27:49,545 - INFO - 1 change detected
2026-07-14 21:27:49,950 - INFO - 1 change detected
2026-07-14 21:27:50,304 - INFO - 1 change detected
2026-07-14 21:27:50,718 - INFO - 1 change detected
2026-07-14 21:27:51,135 - INFO - 1 change detected
2026-07-14 21:27:51,537 - INFO - 1 change detected
2026-07-14 21:27:51,962 - INFO - 1 change detected
2026-07-14 21:27:52,368 - INFO - 1 change detected
2026-07-14 21:27:52,770 - INFO - 1 change detected
2026-07-14 21:27:53,184 - INFO - 1 change detected
2026-07-14 21:27:53,550 - INFO - 1 change detected
2026-07-14 21:27:54,003 - INFO - 1 change detected
2026-07-14 21:27:54,405 - INFO - 1 change detected
2026-07-14 21:27:54,757 - INFO - 1 change detected
2026-07-14 21:27:55,166 - INFO - 1 change detected
2026-07-14 21:27:55,573 - INFO - 1 change detected
2026-07-14 21:27:55,979 - INFO - 1 change detected
2026-07-14 21:27:56,384 - INFO - 1 change detected
2026-07-14 21:27:56,793 - INFO - 1 change detected
2026-07-14 21:27:57,200 - INFO - 1 change detected
2026-07-14 21:27:57,566 - INFO - 1 change detected
2026-07-14 21:27:57,968 - INFO - 1 change detected
2026-07-14 21:27:58,380 - INFO - 1 change detected
2026-07-14 21:27:58,740 - INFO - 1 change detected
2026-07-14 21:27:59,157 - INFO - 1 change detected
2026-07-14 21:27:59,568 - INFO - 1 change detected
2026-07-14 21:27:59,931 - INFO - 1 change detected
2026-07-14 21:28:00,347 - INFO - 1 change detected
2026-07-14 21:28:00,760 - INFO - 1 change detected
2026-07-14 21:28:01,124 - INFO - 1 change detected
2026-07-14 21:28:01,541 - INFO - 1 change detected
2026-07-14 21:28:01,954 - INFO - 1 change detected
2026-07-14 21:28:02,316 - INFO - 1 change detected
2026-07-14 21:28:02,718 - INFO - 1 change detected
2026-07-14 21:28:03,132 - INFO - 1 change detected
2026-07-14 21:28:03,545 - INFO - 1 change detected
2026-07-14 21:28:03,907 - INFO - 1 change detected
2026-07-14 21:28:04,309 - INFO - 1 change detected
2026-07-14 21:28:04,721 - INFO - 1 change detected
2026-07-14 21:28:05,133 - INFO - 1 change detected
2026-07-14 21:28:05,498 - INFO - 1 change detected
2026-07-14 21:28:05,901 - INFO - 1 change detected
2026-07-14 21:28:06,313 - INFO - 1 change detected
2026-07-14 21:28:06,727 - INFO - 1 change detected
2026-07-14 21:28:07,093 - INFO - 1 change detected
2026-07-14 21:28:07,509 - INFO - 1 change detected
2026-07-14 21:28:07,923 - INFO - 1 change detected
2026-07-14 21:28:08,325 - INFO - 1 change detected
2026-07-14 21:28:08,688 - INFO - 1 change detected
2026-07-14 21:28:09,106 - INFO - 1 change detected
2026-07-14 21:28:09,519 - INFO - 1 change detected
2026-07-14 21:28:09,879 - INFO - 1 change detected
2026-07-14 21:28:10,296 - INFO - 1 change detected
2026-07-14 21:28:10,709 - INFO - 1 change detected
2026-07-14 21:28:11,070 - INFO - 1 change detected
2026-07-14 21:28:11,472 - INFO - 1 change detected
2026-07-14 21:28:11,886 - INFO - 1 change detected
2026-07-14 21:28:12,301 - INFO - 1 change detected
2026-07-14 21:28:12,664 - INFO - 1 change detected
2026-07-14 21:28:13,081 - INFO - 1 change detected
2026-07-14 21:28:13,497 - INFO - 1 change detected
2026-07-14 21:28:13,861 - INFO - 1 change detected
2026-07-14 21:28:14,276 - INFO - 1 change detected
2026-07-14 21:28:14,691 - INFO - 1 change detected
2026-07-14 21:28:15,052 - INFO - 1 change detected
2026-07-14 21:28:15,466 - INFO - 1 change detected
2026-07-14 21:28:15,880 - INFO - 1 change detected
2026-07-14 21:28:16,242 - INFO - 1 change detected
2026-07-14 21:28:16,644 - INFO - 1 change detected
2026-07-14 21:28:17,057 - INFO - 1 change detected
2026-07-14 21:28:17,471 - INFO - 1 change detected
2026-07-14 21:28:17,836 - INFO - 1 change detected
2026-07-14 21:28:18,243 - INFO - 1 change detected
2026-07-14 21:28:18,656 - INFO - 1 change detected
2026-07-14 21:28:19,070 - INFO - 1 change detected
2026-07-14 21:28:19,434 - INFO - 1 change detected
2026-07-14 21:28:19,850 - INFO - 1 change detected
2026-07-14 21:28:20,263 - INFO - 1 change detected
2026-07-14 21:28:20,625 - INFO - 1 change detected
2026-07-14 21:28:21,041 - INFO - 1 change detected
2026-07-14 21:28:21,452 - INFO - 1 change detected
2026-07-14 21:28:21,853 - INFO - 1 change detected
2026-07-14 21:28:22,219 - INFO - 1 change detected
2026-07-14 21:28:22,636 - INFO - 1 change detected
2026-07-14 21:28:23,046 - INFO - 1 change detected
2026-07-14 21:28:23,449 - INFO - 1 change detected
2026-07-14 21:28:23,861 - INFO - 1 change detected
2026-07-14 21:28:24,225 - INFO - 1 change detected
2026-07-14 21:28:24,641 - INFO - 1 change detected
2026-07-14 21:28:25,054 - INFO - 1 change detected
2026-07-14 21:28:25,414 - INFO - 1 change detected
2026-07-14 21:28:25,816 - INFO - 1 change detected
2026-07-14 21:28:26,230 - INFO - 1 change detected
2026-07-14 21:28:26,642 - INFO - 1 change detected
2026-07-14 21:28:27,006 - INFO - 1 change detected
2026-07-14 21:28:27,421 - INFO - 1 change detected
2026-07-14 21:28:27,832 - INFO - 1 change detected
2026-07-14 21:28:28,196 - INFO - 1 change detected
2026-07-14 21:28:28,612 - INFO - 1 change detected
2026-07-14 21:28:29,026 - INFO - 1 change detected
2026-07-14 21:28:29,389 - INFO - 1 change detected
2026-07-14 21:28:29,805 - INFO - 1 change detected
2026-07-14 21:28:30,216 - INFO - 1 change detected
2026-07-14 21:28:30,577 - INFO - 1 change detected
2026-07-14 21:28:30,993 - INFO - 1 change detected
2026-07-14 21:28:31,406 - INFO - 1 change detected
2026-07-14 21:28:31,768 - INFO - 1 change detected
2026-07-14 21:28:32,184 - INFO - 1 change detected
2026-07-14 21:28:32,598 - INFO - 1 change detected
2026-07-14 21:28:32,961 - INFO - 1 change detected
2026-07-14 21:28:33,376 - INFO - 1 change detected
2026-07-14 21:28:33,786 - INFO - 1 change detected
2026-07-14 21:28:34,147 - INFO - 1 change detected
2026-07-14 21:28:34,562 - INFO - 1 change detected
2026-07-14 21:28:34,978 - INFO - 1 change detected
2026-07-14 21:28:35,342 - INFO - 1 change detected
2026-07-14 21:28:35,758 - INFO - 1 change detected
2026-07-14 21:28:36,173 - INFO - 1 change detected
2026-07-14 21:28:36,532 - INFO - 1 change detected
2026-07-14 21:28:36,947 - INFO - 1 change detected
2026-07-14 21:28:37,360 - INFO - 1 change detected
2026-07-14 21:28:37,722 - INFO - 1 change detected
2026-07-14 21:28:38,139 - INFO - 1 change detected
2026-07-14 21:28:38,551 - INFO - 1 change detected
2026-07-14 21:28:38,915 - INFO - 1 change detected
2026-07-14 21:28:39,331 - INFO - 1 change detected
2026-07-14 21:28:39,743 - INFO - 1 change detected
2026-07-14 21:28:40,106 - INFO - 1 change detected
2026-07-14 21:28:40,510 - INFO - 1 change detected
2026-07-14 21:28:40,921 - INFO - 1 change detected
2026-07-14 21:28:41,339 - INFO - 1 change detected
2026-07-14 21:28:41,702 - INFO - 1 change detected
2026-07-14 21:28:42,117 - INFO - 1 change detected
2026-07-14 21:28:42,531 - INFO - 1 change detected
2026-07-14 21:28:42,896 - INFO - 1 change detected
2026-07-14 21:28:43,300 - INFO - 1 change detected
2026-07-14 21:28:43,712 - INFO - 1 change detected
2026-07-14 21:28:44,129 - INFO - 1 change detected
2026-07-14 21:28:44,490 - INFO - 1 change detected
2026-07-14 21:28:44,907 - INFO - 1 change detected
2026-07-14 21:28:45,321 - INFO - 1 change detected
2026-07-14 21:28:45,683 - INFO - 1 change detected
2026-07-14 21:28:46,085 - INFO - 1 change detected
2026-07-14 21:28:46,498 - INFO - 1 change detected
2026-07-14 21:28:46,913 - INFO - 1 change detected
2026-07-14 21:28:47,277 - INFO - 1 change detected
2026-07-14 21:28:47,693 - INFO - 1 change detected
2026-07-14 21:28:48,106 - INFO - 1 change detected
2026-07-14 21:28:48,465 - INFO - 1 change detected
2026-07-14 21:28:48,867 - INFO - 1 change detected
2026-07-14 21:28:49,281 - INFO - 1 change detected
2026-07-14 21:28:49,694 - INFO - 1 change detected
2026-07-14 21:28:50,058 - INFO - 1 change detected
2026-07-14 21:28:50,473 - INFO - 1 change detected
2026-07-14 21:28:50,887 - INFO - 1 change detected
2026-07-14 21:28:51,300 - INFO - 1 change detected
2026-07-14 21:28:51,665 - INFO - 1 change detected
2026-07-14 21:28:52,079 - INFO - 1 change detected
2026-07-14 21:28:52,492 - INFO - 1 change detected
2026-07-14 21:28:52,858 - INFO - 1 change detected
2026-07-14 21:28:53,267 - INFO - 1 change detected
2026-07-14 21:28:53,680 - INFO - 1 change detected
2026-07-14 21:28:54,093 - INFO - 1 change detected
2026-07-14 21:28:54,501 - INFO - 1 change detected
2026-07-14 21:28:54,864 - INFO - 1 change detected
2026-07-14 21:28:55,279 - INFO - 1 change detected
2026-07-14 21:28:55,694 - INFO - 1 change detected
2026-07-14 21:28:56,058 - INFO - 1 change detected
2026-07-14 21:28:56,474 - INFO - 1 change detected
2026-07-14 21:28:56,887 - INFO - 1 change detected
2026-07-14 21:28:57,251 - INFO - 1 change detected
2026-07-14 21:28:57,653 - INFO - 1 change detected
2026-07-14 21:28:58,068 - INFO - 1 change detected
2026-07-14 21:28:58,482 - INFO - 1 change detected
2026-07-14 21:28:58,845 - INFO - 1 change detected
2026-07-14 21:28:59,259 - INFO - 1 change detected
2026-07-14 21:28:59,673 - INFO - 1 change detected
2026-07-14 21:29:00,032 - INFO - 1 change detected
2026-07-14 21:29:00,450 - INFO - 1 change detected
2026-07-14 21:29:00,865 - INFO - 1 change detected
2026-07-14 21:29:01,229 - INFO - 1 change detected
2026-07-14 21:29:01,645 - INFO - 1 change detected
2026-07-14 21:29:02,061 - INFO - 1 change detected
2026-07-14 21:29:02,423 - INFO - 1 change detected
2026-07-14 21:29:02,840 - INFO - 1 change detected
2026-07-14 21:29:03,244 - INFO - 1 change detected
2026-07-14 21:29:03,657 - INFO - 1 change detected
2026-07-14 21:29:04,021 - INFO - 1 change detected
2026-07-14 21:29:04,437 - INFO - 1 change detected
2026-07-14 21:29:04,853 - INFO - 1 change detected
2026-07-14 21:29:05,214 - INFO - 1 change detected
2026-07-14 21:29:05,630 - INFO - 1 change detected
2026-07-14 21:29:06,045 - INFO - 1 change detected
2026-07-14 21:29:06,407 - INFO - 1 change detected
2026-07-14 21:29:06,824 - INFO - 1 change detected
2026-07-14 21:29:07,239 - INFO - 1 change detected
2026-07-14 21:29:07,603 - INFO - 1 change detected
2026-07-14 21:29:08,019 - INFO - 1 change detected
2026-07-14 21:29:08,436 - INFO - 1 change detected
2026-07-14 21:29:08,850 - INFO - 1 change detected
2026-07-14 21:29:09,208 - INFO - 1 change detected
2026-07-14 21:29:09,625 - INFO - 1 change detected
2026-07-14 21:29:10,038 - INFO - 1 change detected
2026-07-14 21:29:10,401 - INFO - 1 change detected
2026-07-14 21:29:10,803 - INFO - 1 change detected
2026-07-14 21:29:11,218 - INFO - 1 change detected
2026-07-14 21:29:11,629 - INFO - 1 change detected
2026-07-14 21:29:11,992 - INFO - 1 change detected
2026-07-14 21:29:12,395 - INFO - 1 change detected
2026-07-14 21:29:12,805 - INFO - 1 change detected
2026-07-14 21:29:13,214 - INFO - 1 change detected
2026-07-14 21:29:13,627 - INFO - 1 change detected
2026-07-14 21:29:13,993 - INFO - 1 change detected
2026-07-14 21:29:14,407 - INFO - 1 change detected
2026-07-14 21:29:14,819 - INFO - 1 change detected
2026-07-14 21:29:15,184 - INFO - 1 change detected
2026-07-14 21:29:15,599 - INFO - 1 change detected
2026-07-14 21:29:16,013 - INFO - 1 change detected
2026-07-14 21:29:16,375 - INFO - 1 change detected
2026-07-14 21:29:16,788 - INFO - 1 change detected
2026-07-14 21:29:17,200 - INFO - 1 change detected
2026-07-14 21:29:17,565 - INFO - 1 change detected
2026-07-14 21:29:17,981 - INFO - 1 change detected
2026-07-14 21:29:18,383 - INFO - 1 change detected
2026-07-14 21:29:18,798 - INFO - 1 change detected
2026-07-14 21:29:19,159 - INFO - 1 change detected
2026-07-14 21:29:19,574 - INFO - 1 change detected
2026-07-14 21:29:19,986 - INFO - 1 change detected
2026-07-14 21:29:20,350 - INFO - 1 change detected
2026-07-14 21:29:20,765 - INFO - 1 change detected
2026-07-14 21:29:21,178 - INFO - 1 change detected
2026-07-14 21:29:21,544 - INFO - 1 change detected
2026-07-14 21:29:21,958 - INFO - 1 change detected
2026-07-14 21:29:22,369 - INFO - 1 change detected
2026-07-14 21:29:22,733 - INFO - 1 change detected
2026-07-14 21:29:23,147 - INFO - 1 change detected
2026-07-14 21:29:23,563 - INFO - 1 change detected
2026-07-14 21:29:23,927 - INFO - 1 change detected
2026-07-14 21:29:24,343 - INFO - 1 change detected
2026-07-14 21:29:24,755 - INFO - 1 change detected
2026-07-14 21:29:25,119 - INFO - 1 change detected
2026-07-14 21:29:25,534 - INFO - 1 change detected
2026-07-14 21:29:25,946 - INFO - 1 change detected
2026-07-14 21:29:26,309 - INFO - 1 change detected
2026-07-14 21:29:26,723 - INFO - 1 change detected
2026-07-14 21:29:27,136 - INFO - 1 change detected
2026-07-14 21:29:27,498 - INFO - 1 change detected
2026-07-14 21:29:27,915 - INFO - 1 change detected
2026-07-14 21:29:28,327 - INFO - 1 change detected
2026-07-14 21:29:28,689 - INFO - 1 change detected
2026-07-14 21:29:29,102 - INFO - 1 change detected
2026-07-14 21:29:29,516 - INFO - 1 change detected
2026-07-14 21:29:29,878 - INFO - 1 change detected
2026-07-14 21:29:30,293 - INFO - 1 change detected
2026-07-14 21:29:30,709 - INFO - 1 change detected
2026-07-14 21:29:31,074 - INFO - 1 change detected
2026-07-14 21:29:31,477 - INFO - 1 change detected
2026-07-14 21:29:31,892 - INFO - 1 change detected
2026-07-14 21:29:32,303 - INFO - 1 change detected
2026-07-14 21:29:32,668 - INFO - 1 change detected
2026-07-14 21:29:33,120 - INFO - 1 change detected
2026-07-14 21:29:33,485 - INFO - 1 change detected
2026-07-14 21:29:33,901 - INFO - 1 change detected
2026-07-14 21:29:34,266 - INFO - 1 change detected
2026-07-14 21:29:34,668 - INFO - 1 change detected
2026-07-14 21:29:35,081 - INFO - 1 change detected
2026-07-14 21:29:35,496 - INFO - 1 change detected
2026-07-14 21:29:35,904 - INFO - 1 change detected
2026-07-14 21:29:36,314 - INFO - 1 change detected
2026-07-14 21:29:36,723 - INFO - 1 change detected
2026-07-14 21:29:37,129 - INFO - 1 change detected
2026-07-14 21:29:37,489 - INFO - 1 change detected
2026-07-14 21:29:37,891 - INFO - 1 change detected
2026-07-14 21:29:38,306 - INFO - 1 change detected
2026-07-14 21:29:38,719 - INFO - 1 change detected
2026-07-14 21:29:39,082 - INFO - 1 change detected
2026-07-14 21:29:39,499 - INFO - 1 change detected
2026-07-14 21:29:39,912 - INFO - 1 change detected
2026-07-14 21:29:40,275 - INFO - 1 change detected
2026-07-14 21:29:40,691 - INFO - 1 change detected
2026-07-14 21:29:41,108 - INFO - 1 change detected
2026-07-14 21:29:41,472 - INFO - 1 change detected
2026-07-14 21:29:41,875 - INFO - 1 change detected
2026-07-14 21:29:42,291 - INFO - 1 change detected
2026-07-14 21:29:42,703 - INFO - 1 change detected
2026-07-14 21:29:43,068 - INFO - 1 change detected
2026-07-14 21:29:43,484 - INFO - 1 change detected
2026-07-14 21:29:43,896 - INFO - 1 change detected
2026-07-14 21:29:44,260 - INFO - 1 change detected
2026-07-14 21:29:44,676 - INFO - 1 change detected
2026-07-14 21:29:45,088 - INFO - 1 change detected
2026-07-14 21:29:45,500 - INFO - 1 change detected
2026-07-14 21:29:45,908 - INFO - 1 change detected
2026-07-14 21:29:46,266 - INFO - 1 change detected
2026-07-14 21:29:46,668 - INFO - 1 change detected
2026-07-14 21:29:47,070 - INFO - 1 change detected
2026-07-14 21:29:47,474 - INFO - 1 change detected
2026-07-14 21:29:47,876 - INFO - 1 change detected
2026-07-14 21:29:48,228 - INFO - 1 change detected
2026-07-14 21:29:48,633 - INFO - 1 change detected
2026-07-14 21:29:49,036 - INFO - 1 change detected
2026-07-14 21:29:49,439 - INFO - 1 change detected
2026-07-14 21:29:49,791 - INFO - 1 change detected
2026-07-14 21:29:50,195 - INFO - 1 change detected
2026-07-14 21:29:50,599 - INFO - 1 change detected
2026-07-14 21:29:51,001 - INFO - 1 change detected
2026-07-14 21:29:51,360 - INFO - 1 change detected
2026-07-14 21:29:51,775 - INFO - 1 change detected
2026-07-14 21:29:52,137 - INFO - 1 change detected
2026-07-14 21:29:52,538 - INFO - 1 change detected
2026-07-14 21:29:52,951 - INFO - 1 change detected
2026-07-14 21:29:53,361 - INFO - 1 change detected
2026-07-14 21:29:53,771 - INFO - 1 change detected
2026-07-14 21:29:54,133 - INFO - 1 change detected
2026-07-14 21:29:54,549 - INFO - 1 change detected
2026-07-14 21:29:54,958 - INFO - 1 change detected
2026-07-14 21:29:55,368 - INFO - 1 change detected
2026-07-14 21:29:55,781 - INFO - 1 change detected
2026-07-14 21:29:56,142 - INFO - 1 change detected
2026-07-14 21:29:56,554 - INFO - 1 change detected
2026-07-14 21:29:56,967 - INFO - 1 change detected
2026-07-14 21:29:57,379 - INFO - 1 change detected
2026-07-14 21:29:57,742 - INFO - 1 change detected
2026-07-14 21:29:58,154 - INFO - 1 change detected
2026-07-14 21:29:58,563 - INFO - 1 change detected
2026-07-14 21:29:58,972 - INFO - 1 change detected
2026-07-14 21:29:59,384 - INFO - 1 change detected
2026-07-14 21:29:59,745 - INFO - 1 change detected
2026-07-14 21:30:00,158 - INFO - 1 change detected
2026-07-14 21:30:00,564 - INFO - 1 change detected
2026-07-14 21:30:00,966 - INFO - 1 change detected
2026-07-14 21:30:01,376 - INFO - 1 change detected
2026-07-14 21:30:01,779 - INFO - 1 change detected
2026-07-14 21:30:02,182 - INFO - 1 change detected
2026-07-14 21:30:02,534 - INFO - 1 change detected
2026-07-14 21:30:02,938 - INFO - 1 change detected
2026-07-14 21:30:03,341 - INFO - 1 change detected
2026-07-14 21:30:03,744 - INFO - 1 change detected
2026-07-14 21:30:04,096 - INFO - 1 change detected
2026-07-14 21:30:04,500 - INFO - 1 change detected
2026-07-14 21:30:04,912 - INFO - 1 change detected
2026-07-14 21:30:05,269 - INFO - 1 change detected
2026-07-14 21:30:05,674 - INFO - 1 change detected
2026-07-14 21:30:06,076 - INFO - 1 change detected
2026-07-14 21:30:06,429 - INFO - 1 change detected
2026-07-14 21:30:06,834 - INFO - 1 change detected
2026-07-14 21:30:07,237 - INFO - 1 change detected
2026-07-14 21:30:07,596 - INFO - 1 change detected
2026-07-14 21:30:08,001 - INFO - 1 change detected
2026-07-14 21:30:08,405 - INFO - 1 change detected
2026-07-14 21:30:08,806 - INFO - 1 change detected
2026-07-14 21:30:09,159 - INFO - 1 change detected
2026-07-14 21:30:09,563 - INFO - 1 change detected
2026-07-14 21:30:09,974 - INFO - 1 change detected
2026-07-14 21:30:10,327 - INFO - 1 change detected
2026-07-14 21:30:10,729 - INFO - 1 change detected
2026-07-14 21:30:11,133 - INFO - 1 change detected
2026-07-14 21:30:11,535 - INFO - 1 change detected
2026-07-14 21:30:11,894 - INFO - 1 change detected
2026-07-14 21:30:12,300 - INFO - 1 change detected
2026-07-14 21:30:12,703 - INFO - 1 change detected
2026-07-14 21:30:13,056 - INFO - 1 change detected
2026-07-14 21:30:13,459 - INFO - 1 change detected
2026-07-14 21:30:13,862 - INFO - 1 change detected
2026-07-14 21:30:14,214 - INFO - 1 change detected
2026-07-14 21:30:14,620 - INFO - 1 change detected
2026-07-14 21:30:15,023 - INFO - 1 change detected
2026-07-14 21:30:15,433 - INFO - 1 change detected
2026-07-14 21:30:15,784 - INFO - 1 change detected
2026-07-14 21:30:16,186 - INFO - 1 change detected
2026-07-14 21:30:16,597 - INFO - 1 change detected
2026-07-14 21:30:17,011 - INFO - 1 change detected
2026-07-14 21:30:17,417 - INFO - 1 change detected
2026-07-14 21:30:17,832 - INFO - 1 change detected
2026-07-14 21:30:18,236 - INFO - 1 change detected
2026-07-14 21:30:18,589 - INFO - 1 change detected
2026-07-14 21:30:18,993 - INFO - 1 change detected
2026-07-14 21:30:19,395 - INFO - 1 change detected
2026-07-14 21:30:19,810 - INFO - 1 change detected
2026-07-14 21:30:20,225 - INFO - 1 change detected
2026-07-14 21:30:20,636 - INFO - 1 change detected
2026-07-14 21:30:21,038 - INFO - 1 change detected
2026-07-14 21:30:21,448 - INFO - 1 change detected
2026-07-14 21:30:21,858 - INFO - 1 change detected
2026-07-14 21:30:22,265 - INFO - 1 change detected
2026-07-14 21:30:22,625 - INFO - 1 change detected
2026-07-14 21:30:23,030 - INFO - 1 change detected
2026-07-14 21:30:23,432 - INFO - 1 change detected
2026-07-14 21:30:23,834 - INFO - 1 change detected
2026-07-14 21:30:24,238 - INFO - 1 change detected
2026-07-14 21:30:24,641 - INFO - 1 change detected
2026-07-14 21:30:25,045 - INFO - 1 change detected
2026-07-14 21:30:25,459 - INFO - 1 change detected
2026-07-14 21:30:25,812 - INFO - 1 change detected
2026-07-14 21:30:26,222 - INFO - 1 change detected
2026-07-14 21:30:26,625 - INFO - 1 change detected
2026-07-14 21:30:26,977 - INFO - 1 change detected
2026-07-14 21:30:27,383 - INFO - 1 change detected
2026-07-14 21:30:27,785 - INFO - 1 change detected
2026-07-14 21:30:28,195 - INFO - 1 change detected
2026-07-14 21:30:28,547 - INFO - 1 change detected
2026-07-14 21:30:28,959 - INFO - 1 change detected
2026-07-14 21:30:29,362 - INFO - 1 change detected
2026-07-14 21:30:29,715 - INFO - 1 change detected
2026-07-14 21:30:30,118 - INFO - 1 change detected
2026-07-14 21:30:30,522 - INFO - 1 change detected
2026-07-14 21:30:30,931 - INFO - 1 change detected
2026-07-14 21:30:31,283 - INFO - 1 change detected
2026-07-14 21:30:31,688 - INFO - 1 change detected
2026-07-14 21:30:32,102 - INFO - 1 change detected
2026-07-14 21:30:32,456 - INFO - 1 change detected
2026-07-14 21:30:32,861 - INFO - 1 change detected
2026-07-14 21:30:33,264 - INFO - 1 change detected
2026-07-14 21:30:33,617 - INFO - 1 change detected
2026-07-14 21:30:34,022 - INFO - 1 change detected
2026-07-14 21:30:34,424 - INFO - 1 change detected
2026-07-14 21:30:34,828 - INFO - 1 change detected
2026-07-14 21:30:35,186 - INFO - 1 change detected
2026-07-14 21:30:35,591 - INFO - 1 change detected
2026-07-14 21:30:35,993 - INFO - 1 change detected
2026-07-14 21:30:36,347 - INFO - 1 change detected
2026-07-14 21:30:36,752 - INFO - 1 change detected
2026-07-14 21:30:37,154 - INFO - 1 change detected
2026-07-14 21:30:37,506 - INFO - 1 change detected
2026-07-14 21:30:37,911 - INFO - 1 change detected
2026-07-14 21:30:38,313 - INFO - 1 change detected
2026-07-14 21:30:38,716 - INFO - 1 change detected
2026-07-14 21:30:39,068 - INFO - 1 change detected
2026-07-14 21:30:39,473 - INFO - 1 change detected
2026-07-14 21:30:39,876 - INFO - 1 change detected
2026-07-14 21:30:40,228 - INFO - 1 change detected
2026-07-14 21:30:40,633 - INFO - 1 change detected
2026-07-14 21:30:41,036 - INFO - 1 change detected
2026-07-14 21:30:41,387 - INFO - 1 change detected
2026-07-14 21:30:41,793 - INFO - 1 change detected
2026-07-14 21:30:42,195 - INFO - 1 change detected
2026-07-14 21:30:42,598 - INFO - 1 change detected
2026-07-14 21:30:42,954 - INFO - 1 change detected
2026-07-14 21:30:43,357 - INFO - 1 change detected
2026-07-14 21:30:43,764 - INFO - 1 change detected
2026-07-14 21:30:44,116 - INFO - 1 change detected
2026-07-14 21:30:44,532 - INFO - 1 change detected
2026-07-14 21:30:44,892 - INFO - 1 change detected
2026-07-14 21:30:45,309 - INFO - 1 change detected
2026-07-14 21:30:45,721 - INFO - 1 change detected
2026-07-14 21:30:46,084 - INFO - 1 change detected
2026-07-14 21:30:46,501 - INFO - 1 change detected
2026-07-14 21:30:46,916 - INFO - 1 change detected
2026-07-14 21:30:47,323 - INFO - 1 change detected
2026-07-14 21:30:47,687 - INFO - 1 change detected
2026-07-14 21:30:48,091 - INFO - 1 change detected
2026-07-14 21:30:48,495 - INFO - 1 change detected
2026-07-14 21:30:48,903 - INFO - 1 change detected
2026-07-14 21:30:49,308 - INFO - 1 change detected
2026-07-14 21:30:49,729 - INFO - 1 change detected
2026-07-14 21:30:50,135 - INFO - 1 change detected
2026-07-14 21:30:50,542 - INFO - 1 change detected
2026-07-14 21:30:50,898 - INFO - 1 change detected
2026-07-14 21:30:51,308 - INFO - 1 change detected
2026-07-14 21:30:51,714 - INFO - 1 change detected
2026-07-14 21:30:52,118 - INFO - 1 change detected
2026-07-14 21:30:52,527 - INFO - 1 change detected
2026-07-14 21:30:52,881 - INFO - 1 change detected
2026-07-14 21:30:53,284 - INFO - 1 change detected
2026-07-14 21:30:53,749 - INFO - 1 change detected
2026-07-14 21:30:54,115 - INFO - 1 change detected
2026-07-14 21:30:54,524 - INFO - 1 change detected
2026-07-14 21:30:54,932 - INFO - 1 change detected
2026-07-14 21:30:55,338 - INFO - 1 change detected
2026-07-14 21:30:55,754 - INFO - 1 change detected
2026-07-14 21:30:56,166 - INFO - 1 change detected
2026-07-14 21:30:56,573 - INFO - 1 change detected
2026-07-14 21:30:56,978 - INFO - 1 change detected
2026-07-14 21:30:57,383 - INFO - 1 change detected
2026-07-14 21:30:57,792 - INFO - 1 change detected
2026-07-14 21:30:58,197 - INFO - 1 change detected
2026-07-14 21:30:58,604 - INFO - 1 change detected
2026-07-14 21:30:59,009 - INFO - 1 change detected
2026-07-14 21:30:59,415 - INFO - 1 change detected
2026-07-14 21:30:59,824 - INFO - 1 change detected
2026-07-14 21:31:00,229 - INFO - 1 change detected
2026-07-14 21:31:00,584 - INFO - 1 change detected
2026-07-14 21:31:00,995 - INFO - 1 change detected
2026-07-14 21:31:01,406 - INFO - 1 change detected
2026-07-14 21:31:01,809 - INFO - 1 change detected
2026-07-14 21:31:02,213 - INFO - 1 change detected
2026-07-14 21:31:02,621 - INFO - 1 change detected
2026-07-14 21:31:03,076 - INFO - 1 change detected
2026-07-14 21:31:03,429 - INFO - 1 change detected
2026-07-14 21:31:03,839 - INFO - 1 change detected
2026-07-14 21:31:04,245 - INFO - 1 change detected
2026-07-14 21:31:04,647 - INFO - 1 change detected
2026-07-14 21:31:05,060 - INFO - 1 change detected
2026-07-14 21:31:05,465 - INFO - 1 change detected
2026-07-14 21:31:05,869 - INFO - 1 change detected
2026-07-14 21:31:06,280 - INFO - 1 change detected
2026-07-14 21:31:06,632 - INFO - 1 change detected
2026-07-14 21:31:07,043 - INFO - 1 change detected
2026-07-14 21:31:07,454 - INFO - 1 change detected
2026-07-14 21:31:07,870 - INFO - 1 change detected
2026-07-14 21:31:08,278 - INFO - 1 change detected
2026-07-14 21:31:08,686 - INFO - 1 change detected
2026-07-14 21:31:09,140 - INFO - 1 change detected
2026-07-14 21:31:09,542 - INFO - 1 change detected
2026-07-14 21:31:09,948 - INFO - 1 change detected
2026-07-14 21:31:10,355 - INFO - 1 change detected
2026-07-14 21:31:10,766 - INFO - 1 change detected
2026-07-14 21:31:11,133 - INFO - 1 change detected
2026-07-14 21:31:12,498 - INFO - 1 change detected
2026-07-14 21:31:12,852 - INFO - 1 change detected
2026-07-14 21:31:13,264 - INFO - 1 change detected
2026-07-14 21:31:13,671 - INFO - 1 change detected
2026-07-14 21:31:14,089 - INFO - 1 change detected
2026-07-14 21:31:15,185 - INFO - 1 change detected
2026-07-14 21:31:15,539 - INFO - 1 change detected
2026-07-14 21:31:15,897 - INFO - 1 change detected
2026-07-14 21:31:16,309 - INFO - 1 change detected
2026-07-14 21:31:16,713 - INFO - 1 change detected
2026-07-14 21:31:17,116 - INFO - 1 change detected
2026-07-14 21:31:17,523 - INFO - 1 change detected
2026-07-14 21:31:17,935 - INFO - 1 change detected
2026-07-14 21:31:18,292 - INFO - 1 change detected
2026-07-14 21:31:18,695 - INFO - 1 change detected
2026-07-14 21:31:19,098 - INFO - 1 change detected
2026-07-14 21:31:19,452 - INFO - 1 change detected
2026-07-14 21:31:19,855 - INFO - 1 change detected
2026-07-14 21:31:20,258 - INFO - 1 change detected
2026-07-14 21:31:20,610 - INFO - 1 change detected
2026-07-14 21:31:21,014 - INFO - 1 change detected
2026-07-14 21:31:21,416 - INFO - 1 change detected
2026-07-14 21:31:21,819 - INFO - 1 change detected
2026-07-14 21:31:22,186 - INFO - 1 change detected
2026-07-14 21:31:22,593 - INFO - 1 change detected
2026-07-14 21:31:22,996 - INFO - 1 change detected
2026-07-14 21:31:23,405 - INFO - 1 change detected
2026-07-14 21:31:23,809 - INFO - 1 change detected
2026-07-14 21:31:24,214 - INFO - 1 change detected
2026-07-14 21:31:24,619 - INFO - 1 change detected
2026-07-14 21:31:24,975 - INFO - 1 change detected
2026-07-14 21:31:25,378 - INFO - 1 change detected
2026-07-14 21:31:25,791 - INFO - 1 change detected
2026-07-14 21:31:26,301 - INFO - 1 change detected
2026-07-14 21:31:26,714 - INFO - 1 change detected
2026-07-14 21:31:27,069 - INFO - 1 change detected
2026-07-14 21:31:27,523 - INFO - 1 change detected
2026-07-14 21:31:27,883 - INFO - 1 change detected
2026-07-14 21:31:28,294 - INFO - 1 change detected
2026-07-14 21:31:28,697 - INFO - 1 change detected
2026-07-14 21:31:29,103 - INFO - 1 change detected
2026-07-14 21:31:29,560 - INFO - 1 change detected
2026-07-14 21:31:29,912 - INFO - 1 change detected
2026-07-14 21:31:30,324 - INFO - 1 change detected
2026-07-14 21:31:30,728 - INFO - 1 change detected
2026-07-14 21:31:31,135 - INFO - 1 change detected
2026-07-14 21:31:31,542 - INFO - 1 change detected
2026-07-14 21:31:31,948 - INFO - 1 change detected
2026-07-14 21:31:32,355 - INFO - 1 change detected
2026-07-14 21:31:32,712 - INFO - 1 change detected
2026-07-14 21:31:33,135 - INFO - 1 change detected
2026-07-14 21:31:33,540 - INFO - 1 change detected
2026-07-14 21:31:33,948 - INFO - 1 change detected
2026-07-14 21:31:34,355 - INFO - 1 change detected
2026-07-14 21:31:34,759 - INFO - 1 change detected
2026-07-14 21:31:35,166 - INFO - 1 change detected
2026-07-14 21:31:35,573 - INFO - 1 change detected
2026-07-14 21:31:35,930 - INFO - 1 change detected
2026-07-14 21:31:36,338 - INFO - 1 change detected
2026-07-14 21:31:36,760 - INFO - 1 change detected
2026-07-14 21:31:37,167 - INFO - 1 change detected
2026-07-14 21:31:37,573 - INFO - 1 change detected
2026-07-14 21:31:37,979 - INFO - 1 change detected
2026-07-14 21:31:38,339 - INFO - 1 change detected
2026-07-14 21:31:38,744 - INFO - 1 change detected
2026-07-14 21:31:39,152 - INFO - 1 change detected
2026-07-14 21:31:39,557 - INFO - 1 change detected
2026-07-14 21:31:39,964 - INFO - 1 change detected
2026-07-14 21:31:40,368 - INFO - 1 change detected
2026-07-14 21:31:40,776 - INFO - 1 change detected
2026-07-14 21:31:41,182 - INFO - 1 change detected
2026-07-14 21:31:41,589 - INFO - 1 change detected
2026-07-14 21:31:41,995 - INFO - 1 change detected
2026-07-14 21:31:42,365 - INFO - 1 change detected
2026-07-14 21:31:42,776 - INFO - 1 change detected
2026-07-14 21:31:43,181 - INFO - 1 change detected
2026-07-14 21:31:43,589 - INFO - 1 change detected
2026-07-14 21:31:43,995 - INFO - 1 change detected
2026-07-14 21:31:44,417 - INFO - 1 change detected
2026-07-14 21:31:44,819 - INFO - 1 change detected
2026-07-14 21:31:45,184 - INFO - 1 change detected
2026-07-14 21:31:45,588 - INFO - 1 change detected
2026-07-14 21:31:45,995 - INFO - 1 change detected
2026-07-14 21:31:46,365 - INFO - 1 change detected
2026-07-14 21:31:46,776 - INFO - 1 change detected
2026-07-14 21:31:47,181 - INFO - 1 change detected
2026-07-14 21:31:47,589 - INFO - 1 change detected
2026-07-14 21:31:47,994 - INFO - 1 change detected
2026-07-14 21:31:48,404 - INFO - 1 change detected
2026-07-14 21:31:48,772 - INFO - 1 change detected
2026-07-14 21:31:49,182 - INFO - 1 change detected
2026-07-14 21:31:49,589 - INFO - 1 change detected
2026-07-14 21:31:49,994 - INFO - 1 change detected
2026-07-14 21:31:50,396 - INFO - 1 change detected
2026-07-14 21:31:50,802 - INFO - 1 change detected
2026-07-14 21:31:51,214 - INFO - 1 change detected
2026-07-14 21:31:51,623 - INFO - 1 change detected
2026-07-14 21:31:52,026 - INFO - 1 change detected
2026-07-14 21:31:52,436 - INFO - 1 change detected
2026-07-14 21:31:52,853 - INFO - 1 change detected
2026-07-14 21:31:53,258 - INFO - 1 change detected
2026-07-14 21:31:53,661 - INFO - 1 change detected
2026-07-14 21:31:54,073 - INFO - 1 change detected
2026-07-14 21:31:54,479 - INFO - 1 change detected
2026-07-14 21:31:54,842 - INFO - 1 change detected
2026-07-14 21:31:55,258 - INFO - 1 change detected
2026-07-14 21:31:55,670 - INFO - 1 change detected
2026-07-14 21:31:56,033 - INFO - 1 change detected
2026-07-14 21:31:56,437 - INFO - 1 change detected
2026-07-14 21:31:56,849 - INFO - 1 change detected
2026-07-14 21:31:57,264 - INFO - 1 change detected
2026-07-14 21:31:57,630 - INFO - 1 change detected
2026-07-14 21:31:58,043 - INFO - 1 change detected
2026-07-14 21:31:58,455 - INFO - 1 change detected
2026-07-14 21:31:58,820 - INFO - 1 change detected
2026-07-14 21:31:59,236 - INFO - 1 change detected
2026-07-14 21:31:59,651 - INFO - 1 change detected
2026-07-14 21:32:00,014 - INFO - 1 change detected
2026-07-14 21:32:00,419 - INFO - 1 change detected
2026-07-14 21:32:00,826 - INFO - 1 change detected
2026-07-14 21:32:01,240 - INFO - 1 change detected
2026-07-14 21:32:01,648 - INFO - 1 change detected
2026-07-14 21:32:02,008 - INFO - 1 change detected
2026-07-14 21:32:02,417 - INFO - 1 change detected
2026-07-14 21:32:02,829 - INFO - 1 change detected
2026-07-14 21:32:03,243 - INFO - 1 change detected
2026-07-14 21:32:03,609 - INFO - 1 change detected
2026-07-14 21:32:04,026 - INFO - 1 change detected
2026-07-14 21:32:04,441 - INFO - 1 change detected
2026-07-14 21:32:04,804 - INFO - 1 change detected
2026-07-14 21:32:05,219 - INFO - 1 change detected
2026-07-14 21:32:05,633 - INFO - 1 change detected
2026-07-14 21:32:05,996 - INFO - 1 change detected
2026-07-14 21:32:06,412 - INFO - 1 change detected
2026-07-14 21:32:06,825 - INFO - 1 change detected
2026-07-14 21:32:07,187 - INFO - 1 change detected
2026-07-14 21:32:07,599 - INFO - 1 change detected
2026-07-14 21:32:08,008 - INFO - 1 change detected
2026-07-14 21:32:08,415 - INFO - 1 change detected
2026-07-14 21:32:08,782 - INFO - 1 change detected
2026-07-14 21:32:09,198 - INFO - 1 change detected
2026-07-14 21:32:09,608 - INFO - 1 change detected
2026-07-14 21:32:09,970 - INFO - 1 change detected
2026-07-14 21:32:10,385 - INFO - 1 change detected
2026-07-14 21:32:10,797 - INFO - 1 change detected
2026-07-14 21:32:11,158 - INFO - 1 change detected
2026-07-14 21:32:11,574 - INFO - 1 change detected
2026-07-14 21:32:11,985 - INFO - 1 change detected
2026-07-14 21:32:12,390 - INFO - 1 change detected
2026-07-14 21:32:12,796 - INFO - 1 change detected
2026-07-14 21:32:13,202 - INFO - 1 change detected
2026-07-14 21:32:13,611 - INFO - 1 change detected
2026-07-14 21:32:14,015 - INFO - 1 change detected
2026-07-14 21:32:14,420 - INFO - 1 change detected
2026-07-14 21:32:14,827 - INFO - 1 change detected
2026-07-14 21:32:15,235 - INFO - 1 change detected
2026-07-14 21:32:15,604 - INFO - 1 change detected
2026-07-14 21:32:16,075 - INFO - 1 change detected
2026-07-14 21:32:16,623 - INFO - 1 change detected
2026-07-14 21:32:17,159 - INFO - 1 change detected
2026-07-14 21:32:17,701 - INFO - 1 change detected
2026-07-14 21:32:18,120 - INFO - 1 change detected
2026-07-14 21:32:18,549 - INFO - 1 change detected
2026-07-14 21:32:19,137 - INFO - 1 change detected
2026-07-14 21:32:19,612 - INFO - 1 change detected
2026-07-14 21:32:20,131 - INFO - 1 change detected
2026-07-14 21:32:20,597 - INFO - 1 change detected
2026-07-14 21:32:21,012 - INFO - 1 change detected
2026-07-14 21:32:21,430 - INFO - 1 change detected
2026-07-14 21:32:21,793 - INFO - 1 change detected
2026-07-14 21:32:22,199 - INFO - 1 change detected
2026-07-14 21:32:22,616 - INFO - 1 change detected
2026-07-14 21:32:23,037 - INFO - 1 change detected
2026-07-14 21:32:23,440 - INFO - 1 change detected
2026-07-14 21:32:23,854 - INFO - 1 change detected
2026-07-14 21:32:24,257 - INFO - 1 change detected
2026-07-14 21:32:24,668 - INFO - 1 change detected
2026-07-14 21:32:25,087 - INFO - 1 change detected
2026-07-14 21:32:25,495 - INFO - 1 change detected
2026-07-14 21:32:25,910 - INFO - 1 change detected
2026-07-14 21:32:26,350 - INFO - 1 change detected
2026-07-14 21:32:26,775 - INFO - 1 change detected
2026-07-14 21:32:27,196 - INFO - 1 change detected
2026-07-14 21:32:27,662 - INFO - 1 change detected
2026-07-14 21:32:28,060 - INFO - 1 change detected
2026-07-14 21:32:28,530 - INFO - 1 change detected
2026-07-14 21:32:28,938 - INFO - 1 change detected
2026-07-14 21:32:29,303 - INFO - 1 change detected
2026-07-14 21:32:29,709 - INFO - 1 change detected
2026-07-14 21:32:30,119 - INFO - 1 change detected
2026-07-14 21:32:30,543 - INFO - 1 change detected
2026-07-14 21:32:35,099 - INFO - 1 change detected
2026-07-14 21:32:36,642 - INFO - 1 change detected
2026-07-14 21:32:37,897 - INFO - 1 change detected
2026-07-14 21:32:39,131 - INFO - 1 change detected
2026-07-14 21:32:39,550 - INFO - 1 change detected
2026-07-14 21:32:40,022 - INFO - 1 change detected
2026-07-14 21:32:41,279 - INFO - 1 change detected
2026-07-14 21:32:44,209 - INFO - 1 change detected
2026-07-14 21:32:44,571 - INFO - 1 change detected
2026-07-14 21:32:45,095 - INFO - 1 change detected
2026-07-14 21:32:45,613 - INFO - 1 change detected
2026-07-14 21:32:46,048 - INFO - 1 change detected
2026-07-14 21:32:46,516 - INFO - 1 change detected
2026-07-14 21:32:47,025 - INFO - 1 change detected
2026-07-14 21:32:47,435 - INFO - 1 change detected
2026-07-14 21:32:47,837 - INFO - 1 change detected
2026-07-14 21:32:48,239 - INFO - 1 change detected
2026-07-14 21:32:48,591 - INFO - 1 change detected
2026-07-14 21:32:48,996 - INFO - 1 change detected
2026-07-14 21:32:49,401 - INFO - 1 change detected
2026-07-14 21:32:49,805 - INFO - 1 change detected
2026-07-14 21:32:50,171 - INFO - 1 change detected
2026-07-14 21:32:50,574 - INFO - 1 change detected
2026-07-14 21:32:50,928 - INFO - 1 change detected
2026-07-14 21:32:51,332 - INFO - 1 change detected
2026-07-14 21:32:51,739 - INFO - 1 change detected
2026-07-14 21:32:52,141 - INFO - 1 change detected
2026-07-14 21:32:52,546 - INFO - 1 change detected
2026-07-14 21:32:52,899 - INFO - 1 change detected
2026-07-14 21:32:53,304 - INFO - 1 change detected
2026-07-14 21:32:53,713 - INFO - 1 change detected
2026-07-14 21:32:54,116 - INFO - 1 change detected
2026-07-14 21:32:54,518 - INFO - 1 change detected
2026-07-14 21:32:54,922 - INFO - 1 change detected
2026-07-14 21:32:55,288 - INFO - 1 change detected
2026-07-14 21:32:55,698 - INFO - 1 change detected
2026-07-14 21:32:56,103 - INFO - 1 change detected
2026-07-14 21:32:56,520 - INFO - 1 change detected
2026-07-14 21:32:56,929 - INFO - 1 change detected
2026-07-14 21:32:57,332 - INFO - 1 change detected
2026-07-14 21:32:57,684 - INFO - 1 change detected
2026-07-14 21:32:58,090 - INFO - 1 change detected
2026-07-14 21:32:58,494 - INFO - 1 change detected
2026-07-14 21:32:58,909 - INFO - 1 change detected
2026-07-14 21:32:59,312 - INFO - 1 change detected
2026-07-14 21:32:59,729 - INFO - 1 change detected
2026-07-14 21:33:00,132 - INFO - 1 change detected
2026-07-14 21:33:00,794 - INFO - 1 change detected
2026-07-14 21:33:01,146 - INFO - 1 change detected
2026-07-14 21:33:01,554 - INFO - 1 change detected
2026-07-14 21:33:02,117 - INFO - 1 change detected
2026-07-14 21:33:03,249 - INFO - 1 change detected
2026-07-14 21:37:46,541 - INFO - 1 change detected
2026-07-14 21:37:46,913 - INFO - 2 changes detected
2026-07-14 21:37:47,272 - INFO - 1 change detected
2026-07-14 21:37:59,260 - INFO - Recommendations requested for user: 101
2026-07-14 21:37:59,277 - INFO - Recommendations requested for user: 101
2026-07-14 21:37:59,286 - INFO - EMBEDDING_CACHE_MISS user=101
2026-07-14 21:37:59,286 - INFO - Building embedding user=101
2026-07-14 21:38:00,045 - INFO - Recommendations for user 101: [{'movieId': 175, 'title': 'Kids (1995)'}, {'movieId': 388, 'title': 'Boys Life (1995)'}, {'movieId': 145, 'title': 'Bad Boys (1995)'}, {'movieId': 255, 'title': 'Jerky Boys, The (1995)'}, {'movieId': 150, 'title': 'Apollo 13 (1995)'}, {'movieId': 260, 'title': 'Star Wars: Episode IV - A New Hope (1977)'}, {'movieId': 256, 'title': 'Junior (1994)'}, {'movieId': 703, 'title': 'Boys (1996)'}, {'movieId': 148, 'title': 'Awfully Big Adventure, An (1995)'}, {'movieId': 45, 'title': 'To Die For (1995)'}]
2026-07-14 21:38:00,045 - INFO - user_id=101, latency=0.76994s
2026-07-14 21:38:04,938 - INFO - Recommendations requested for user: 101
2026-07-14 21:38:04,938 - INFO - Recommendations requested for user: 101
2026-07-14 21:38:04,938 - INFO - Returning recommendation cache for user=101
2026-07-14 21:38:04,938 - INFO - Recommendations for user 101: [{'movieId': 175, 'title': 'Kids (1995)'}, {'movieId': 388, 'title': 'Boys Life (1995)'}, {'movieId': 145, 'title': 'Bad Boys (1995)'}, {'movieId': 255, 'title': 'Jerky Boys, The (1995)'}, {'movieId': 150, 'title': 'Apollo 13 (1995)'}, {'movieId': 260, 'title': 'Star Wars: Episode IV - A New Hope (1977)'}, {'movieId': 256, 'title': 'Junior (1994)'}, {'movieId': 703, 'title': 'Boys (1996)'}, {'movieId': 148, 'title': 'Awfully Big Adventure, An (1995)'}, {'movieId': 45, 'title': 'To Die For (1995)'}]
2026-07-14 21:38:04,938 - INFO - user_id=101, latency=0.0s
2026-07-14 21:38:05,865 - INFO - Recommendations requested for user: 101
2026-07-14 21:38:05,865 - INFO - Recommendations requested for user: 101
2026-07-14 21:38:05,866 - INFO - Returning recommendation cache for user=101
2026-07-14 21:38:05,872 - INFO - Recommendations for user 101: [{'movieId': 175, 'title': 'Kids (1995)'}, {'movieId': 388, 'title': 'Boys Life (1995)'}, {'movieId': 145, 'title': 'Bad Boys (1995)'}, {'movieId': 255, 'title': 'Jerky Boys, The (1995)'}, {'movieId': 150, 'title': 'Apollo 13 (1995)'}, {'movieId': 260, 'title': 'Star Wars: Episode IV - A New Hope (1977)'}, {'movieId': 256, 'title': 'Junior (1994)'}, {'movieId': 703, 'title': 'Boys (1996)'}, {'movieId': 148, 'title': 'Awfully Big Adventure, An (1995)'}, {'movieId': 45, 'title': 'To Die For (1995)'}]
2026-07-14 21:38:05,872 - INFO - user_id=101, latency=0.001s
2026-07-14 21:38:06,889 - INFO - Recommendations requested for user: 101
2026-07-14 21:38:06,889 - INFO - Recommendations requested for user: 101
2026-07-14 21:38:06,890 - INFO - Returning recommendation cache for user=101
2026-07-14 21:38:06,891 - INFO - Recommendations for user 101: [{'movieId': 175, 'title': 'Kids (1995)'}, {'movieId': 388, 'title': 'Boys Life (1995)'}, {'movieId': 145, 'title': 'Bad Boys (1995)'}, {'movieId': 255, 'title': 'Jerky Boys, The (1995)'}, {'movieId': 150, 'title': 'Apollo 13 (1995)'}, {'movieId': 260, 'title': 'Star Wars: Episode IV - A New Hope (1977)'}, {'movieId': 256, 'title': 'Junior (1994)'}, {'movieId': 703, 'title': 'Boys (1996)'}, {'movieId': 148, 'title': 'Awfully Big Adventure, An (1995)'}, {'movieId': 45, 'title': 'To Die For (1995)'}]
2026-07-14 21:38:06,891 - INFO - user_id=101, latency=0.002s
2026-07-14 21:38:14,158 - INFO - 1 change detected
2026-07-14 21:38:14,613 - INFO - 1 change detected
2026-07-14 21:38:14,976 - INFO - 1 change detected
2026-07-14 21:38:15,332 - INFO - 1 change detected
2026-07-14 21:38:15,685 - INFO - 1 change detected
2026-07-14 21:38:16,040 - INFO - 1 change detected
2026-07-14 21:38:16,394 - INFO - 1 change detected
2026-07-14 21:38:16,748 - INFO - 1 change detected
2026-07-14 21:38:17,111 - INFO - 1 change detected
2026-07-14 21:38:17,463 - INFO - 1 change detected
2026-07-14 21:38:17,820 - INFO - 1 change detected
2026-07-14 21:38:18,175 - INFO - 1 change detected
2026-07-14 21:38:18,526 - INFO - 1 change detected
2026-07-14 21:38:18,880 - INFO - 1 change detected
2026-07-14 21:38:19,243 - INFO - 1 change detected
2026-07-14 21:38:19,603 - INFO - 1 change detected
2026-07-14 21:38:20,108 - INFO - 1 change detected
2026-07-14 21:38:20,465 - INFO - 1 change detected
2026-07-14 21:38:20,833 - INFO - 1 change detected
2026-07-14 21:38:21,188 - INFO - 1 change detected
2026-07-14 21:38:21,541 - INFO - 1 change detected
2026-07-14 21:38:21,899 - INFO - 1 change detected
2026-07-14 21:38:22,262 - INFO - 1 change detected
2026-07-14 21:38:22,615 - INFO - 1 change detected
2026-07-14 21:38:22,975 - INFO - 1 change detected
2026-07-14 21:38:23,336 - INFO - 1 change detected
2026-07-14 21:38:23,700 - INFO - 1 change detected
2026-07-14 21:38:24,051 - INFO - 1 change detected
2026-07-14 21:38:24,408 - INFO - 1 change detected
2026-07-14 21:38:24,767 - INFO - 1 change detected
2026-07-14 21:38:25,129 - INFO - 1 change detected
2026-07-14 21:38:25,481 - INFO - 1 change detected
2026-07-14 21:38:25,832 - INFO - 1 change detected
2026-07-14 21:38:26,191 - INFO - 1 change detected
2026-07-14 21:38:26,542 - INFO - 1 change detected
2026-07-14 21:38:26,915 - INFO - 1 change detected
2026-07-14 21:38:27,271 - INFO - 1 change detected
2026-07-14 21:38:27,636 - INFO - 1 change detected
2026-07-14 21:38:27,996 - INFO - 1 change detected
2026-07-14 21:38:28,355 - INFO - 1 change detected
2026-07-14 21:38:28,715 - INFO - 1 change detected
2026-07-14 21:38:29,076 - INFO - 1 change detected
2026-07-14 21:38:29,429 - INFO - 1 change detected
2026-07-14 21:38:29,782 - INFO - 1 change detected
2026-07-14 21:38:30,136 - INFO - 1 change detected
2026-07-14 21:38:30,494 - INFO - 1 change detected
2026-07-14 21:38:30,854 - INFO - 1 change detected
2026-07-14 21:38:31,212 - INFO - 1 change detected
2026-07-14 21:38:31,577 - INFO - 1 change detected
2026-07-14 21:38:31,929 - INFO - 1 change detected
2026-07-14 21:38:32,282 - INFO - 1 change detected
2026-07-14 21:38:32,634 - INFO - 1 change detected
2026-07-14 21:38:32,987 - INFO - 1 change detected
2026-07-14 21:38:33,343 - INFO - 1 change detected
2026-07-14 21:38:33,696 - INFO - 1 change detected
2026-07-14 21:38:34,059 - INFO - 1 change detected
2026-07-14 21:38:34,410 - INFO - 1 change detected
2026-07-14 21:38:34,773 - INFO - 1 change detected
2026-07-14 21:38:35,124 - INFO - 1 change detected
2026-07-14 21:38:35,490 - INFO - 1 change detected
2026-07-14 21:38:35,853 - INFO - 1 change detected
2026-07-14 21:38:36,206 - INFO - 1 change detected
2026-07-14 21:38:36,558 - INFO - 1 change detected
2026-07-14 21:38:36,912 - INFO - 1 change detected
2026-07-14 21:38:37,269 - INFO - 1 change detected
2026-07-14 21:38:37,622 - INFO - 1 change detected
2026-07-14 21:38:37,985 - INFO - 1 change detected
2026-07-14 21:38:38,338 - INFO - 1 change detected
2026-07-14 21:38:38,697 - INFO - 1 change detected
2026-07-14 21:38:39,057 - INFO - 1 change detected
2026-07-14 21:38:39,419 - INFO - 1 change detected
2026-07-14 21:38:39,785 - INFO - 1 change detected
2026-07-14 21:38:40,137 - INFO - 1 change detected
2026-07-14 21:38:40,499 - INFO - 1 change detected
2026-07-14 21:38:40,852 - INFO - 1 change detected
2026-07-14 21:38:41,210 - INFO - 1 change detected
2026-07-14 21:38:41,577 - INFO - 1 change detected
2026-07-14 21:38:41,929 - INFO - 1 change detected
2026-07-14 21:38:42,294 - INFO - 1 change detected
2026-07-14 21:38:42,653 - INFO - 1 change detected
2026-07-14 21:38:43,013 - INFO - 1 change detected
2026-07-14 21:38:43,366 - INFO - 1 change detected
2026-07-14 21:38:43,735 - INFO - 1 change detected
2026-07-14 21:38:44,091 - INFO - 1 change detected
2026-07-14 21:38:44,449 - INFO - 1 change detected
2026-07-14 21:38:44,801 - INFO - 1 change detected
2026-07-14 21:38:45,155 - INFO - 1 change detected
2026-07-14 21:38:45,515 - INFO - 1 change detected
2026-07-14 21:38:45,875 - INFO - 1 change detected
2026-07-14 21:38:46,230 - INFO - 1 change detected
2026-07-14 21:38:46,583 - INFO - 1 change detected
2026-07-14 21:38:46,937 - INFO - 1 change detected
2026-07-14 21:38:47,289 - INFO - 1 change detected
2026-07-14 21:38:47,651 - INFO - 1 change detected
2026-07-14 21:38:48,007 - INFO - 1 change detected
2026-07-14 21:38:48,359 - INFO - 1 change detected
2026-07-14 21:38:48,713 - INFO - 1 change detected
2026-07-14 21:38:49,067 - INFO - 1 change detected
2026-07-14 21:38:49,420 - INFO - 1 change detected
2026-07-14 21:38:49,775 - INFO - 1 change detected
2026-07-14 21:38:50,130 - INFO - 1 change detected
2026-07-14 21:38:50,492 - INFO - 1 change detected
2026-07-14 21:38:50,845 - INFO - 1 change detected
2026-07-14 21:38:51,198 - INFO - 1 change detected
2026-07-14 21:38:51,554 - INFO - 1 change detected
2026-07-14 21:38:51,912 - INFO - 1 change detected
2026-07-14 21:38:52,270 - INFO - 1 change detected
2026-07-14 21:38:52,644 - INFO - 1 change detected
2026-07-14 21:38:53,006 - INFO - 1 change detected
2026-07-14 21:38:53,366 - INFO - 1 change detected
2026-07-14 21:38:53,722 - INFO - 1 change detected
2026-07-14 21:38:54,078 - INFO - 1 change detected
2026-07-14 21:38:54,432 - INFO - 1 change detected
2026-07-14 21:38:54,797 - INFO - 1 change detected
2026-07-14 21:38:55,160 - INFO - 1 change detected
2026-07-14 21:38:55,519 - INFO - 1 change detected
2026-07-14 21:38:55,879 - INFO - 1 change detected
2026-07-14 21:38:56,238 - INFO - 1 change detected
2026-07-14 21:38:56,602 - INFO - 1 change detected
2026-07-14 21:38:56,968 - INFO - 1 change detected
2026-07-14 21:38:57,328 - INFO - 1 change detected
2026-07-14 21:38:57,683 - INFO - 1 change detected
2026-07-14 21:38:58,049 - INFO - 1 change detected
2026-07-14 21:38:58,412 - INFO - 1 change detected
2026-07-14 21:38:58,764 - INFO - 1 change detected
2026-07-14 21:38:59,126 - INFO - 1 change detected
2026-07-14 21:38:59,492 - INFO - 1 change detected
2026-07-14 21:38:59,853 - INFO - 1 change detected
2026-07-14 21:39:00,218 - INFO - 1 change detected
2026-07-14 21:39:00,578 - INFO - 1 change detected
2026-07-14 21:39:00,943 - INFO - 1 change detected
2026-07-14 21:39:01,306 - INFO - 1 change detected
2026-07-14 21:39:01,660 - INFO - 1 change detected
2026-07-14 21:39:02,024 - INFO - 1 change detected
2026-07-14 21:39:02,381 - INFO - 1 change detected
2026-07-14 21:39:02,743 - INFO - 1 change detected
2026-07-14 21:39:03,098 - INFO - 1 change detected
2026-07-14 21:39:03,458 - INFO - 1 change detected
2026-07-14 21:39:03,813 - INFO - 1 change detected
2026-07-14 21:39:04,164 - INFO - 1 change detected
2026-07-14 21:39:04,519 - INFO - 1 change detected
2026-07-14 21:39:04,873 - INFO - 1 change detected
2026-07-14 21:39:05,227 - INFO - 1 change detected
2026-07-14 21:39:05,587 - INFO - 1 change detected
2026-07-14 21:39:05,946 - INFO - 1 change detected
2026-07-14 21:39:06,297 - INFO - 1 change detected
2026-07-14 21:39:06,649 - INFO - 1 change detected
2026-07-14 21:39:07,007 - INFO - 1 change detected
2026-07-14 21:39:07,359 - INFO - 1 change detected
2026-07-14 21:39:07,717 - INFO - 1 change detected
2026-07-14 21:39:08,082 - INFO - 1 change detected
2026-07-14 21:39:08,443 - INFO - 1 change detected
2026-07-14 21:39:08,804 - INFO - 1 change detected
2026-07-14 21:39:09,164 - INFO - 1 change detected
2026-07-14 21:39:09,528 - INFO - 1 change detected
2026-07-14 21:39:09,879 - INFO - 1 change detected
2026-07-14 21:39:10,236 - INFO - 1 change detected
2026-07-14 21:39:10,588 - INFO - 1 change detected
2026-07-14 21:39:10,953 - INFO - 1 change detected
2026-07-14 21:39:11,319 - INFO - 1 change detected
2026-07-14 21:39:11,674 - INFO - 1 change detected
2026-07-14 21:39:12,027 - INFO - 1 change detected
2026-07-14 21:39:12,379 - INFO - 1 change detected
2026-07-14 21:39:12,730 - INFO - 1 change detected
2026-07-14 21:39:13,081 - INFO - 1 change detected
2026-07-14 21:39:13,435 - INFO - 1 change detected
2026-07-14 21:39:13,798 - INFO - 1 change detected
2026-07-14 21:39:14,152 - INFO - 1 change detected
2026-07-14 21:39:14,504 - INFO - 1 change detected
2026-07-14 21:39:14,860 - INFO - 1 change detected
2026-07-14 21:39:15,213 - INFO - 1 change detected
2026-07-14 21:39:15,568 - INFO - 1 change detected
2026-07-14 21:39:15,922 - INFO - 1 change detected
2026-07-14 21:39:16,276 - INFO - 1 change detected
2026-07-14 21:39:16,733 - INFO - 1 change detected
2026-07-14 21:39:17,148 - INFO - 1 change detected
2026-07-14 22:36:48,898 - INFO - Recommendations requested for user: 101
2026-07-14 22:36:48,898 - INFO - Recommendations requested for user: 101
2026-07-14 22:36:50,990 - INFO - Returning recommendation cache for user=101
2026-07-14 22:36:50,990 - INFO - Recommendations for user 101: [{'movieId': 175, 'title': 'Kids (1995)'}, {'movieId': 388, 'title': 'Boys Life (1995)'}, {'movieId': 145, 'title': 'Bad Boys (1995)'}, {'movieId': 255, 'title': 'Jerky Boys, The (1995)'}, {'movieId': 150, 'title': 'Apollo 13 (1995)'}, {'movieId': 260, 'title': 'Star Wars: Episode IV - A New Hope (1977)'}, {'movieId': 256, 'title': 'Junior (1994)'}, {'movieId': 703, 'title': 'Boys (1996)'}, {'movieId': 148, 'title': 'Awfully Big Adventure, An (1995)'}, {'movieId': 45, 'title': 'To Die For (1995)'}]
2026-07-14 22:36:50,990 - INFO - user_id=101, latency=2.09208s
2026-07-14 23:00:31,322 - INFO - Recommendations requested for user: 101
2026-07-14 23:00:31,322 - INFO - Recommendations requested for user: 101
2026-07-14 23:00:31,365 - INFO - Returning recommendation cache for user=101
2026-07-14 23:00:31,365 - INFO - Recommendations for user 101: [{'movieId': 175, 'title': 'Kids (1995)'}, {'movieId': 388, 'title': 'Boys Life (1995)'}, {'movieId': 145, 'title': 'Bad Boys (1995)'}, {'movieId': 255, 'title': 'Jerky Boys, The (1995)'}, {'movieId': 150, 'title': 'Apollo 13 (1995)'}, {'movieId': 260, 'title': 'Star Wars: Episode IV - A New Hope (1977)'}, {'movieId': 256, 'title': 'Junior (1994)'}, {'movieId': 703, 'title': 'Boys (1996)'}, {'movieId': 148, 'title': 'Awfully Big Adventure, An (1995)'}, {'movieId': 45, 'title': 'To Die For (1995)'}]
2026-07-14 23:00:31,365 - INFO - user_id=101, latency=0.04239s
2026-07-14 23:00:35,757 - INFO - Recommendations requested for user: 101
2026-07-14 23:00:35,758 - INFO - Recommendations requested for user: 101
2026-07-14 23:00:35,760 - INFO - Returning recommendation cache for user=101
2026-07-14 23:00:35,762 - INFO - Recommendations for user 101: [{'movieId': 175, 'title': 'Kids (1995)'}, {'movieId': 388, 'title': 'Boys Life (1995)'}, {'movieId': 145, 'title': 'Bad Boys (1995)'}, {'movieId': 255, 'title': 'Jerky Boys, The (1995)'}, {'movieId': 150, 'title': 'Apollo 13 (1995)'}, {'movieId': 260, 'title': 'Star Wars: Episode IV - A New Hope (1977)'}, {'movieId': 256, 'title': 'Junior (1994)'}, {'movieId': 703, 'title': 'Boys (1996)'}, {'movieId': 148, 'title': 'Awfully Big Adventure, An (1995)'}, {'movieId': 45, 'title': 'To Die For (1995)'}]
2026-07-14 23:00:35,762 - INFO - user_id=101, latency=0.00275s
2026-07-14 23:00:39,701 - INFO - Recommendations requested for user: 102
2026-07-14 23:00:39,701 - INFO - Recommendations requested for user: 102
2026-07-14 23:00:39,714 - INFO - EMBEDDING_CACHE_HIT user=102
2026-07-14 23:00:39,888 - INFO - Recommendations for user 102: [{'movieId': 20, 'title': 'Money Train (1995)'}, {'movieId': 15, 'title': 'Cutthroat Island (1995)'}, {'movieId': 10, 'title': 'GoldenEye (1995)'}, {'movieId': 185, 'title': 'Net, The (1995)'}, {'movieId': 198, 'title': 'Strange Days (1995)'}, {'movieId': 31367, 'title': 'Chase, The (1994)'}, {'movieId': 145, 'title': 'Bad Boys (1995)'}, {'movieId': 16, 'title': 'Casino (1995)'}, {'movieId': 3046, 'title': 'Incredibly True Adventure of Two Girls in Love, The (1995)'}, {'movieId': 89, 'title': 'Nick of Time (1995)'}]
2026-07-14 23:00:39,888 - INFO - user_id=102, latency=0.1866s
2026-07-14 23:00:43,030 - INFO - Recommendations requested for user: 103
2026-07-14 23:00:43,030 - INFO - Recommendations requested for user: 103
2026-07-14 23:00:43,032 - INFO - EMBEDDING_CACHE_MISS user=103
2026-07-14 23:00:43,034 - INFO - Building embedding user=103
2026-07-14 23:00:43,153 - ERROR - User not found: 103
2026-07-14 23:00:43,153 - INFO - Recommendations for user 103: {'error': 'User not found'}
2026-07-14 23:00:43,153 - INFO - user_id=103, latency=0.12323s
2026-07-14 23:15:57,653 - INFO - 1 change detected
2026-07-14 23:16:00,483 - INFO - 1 change detected
2026-07-14 23:16:00,835 - INFO - 1 change detected
2026-07-14 23:16:01,240 - INFO - 1 change detected
2026-07-14 23:16:01,655 - INFO - 1 change detected
2026-07-14 23:16:02,062 - INFO - 1 change detected
2026-07-14 23:16:02,469 - INFO - 1 change detected
2026-07-14 23:16:02,879 - INFO - 1 change detected
2026-07-14 23:16:03,295 - INFO - 1 change detected
2026-07-14 23:16:03,653 - INFO - 1 change detected
2026-07-14 23:16:04,007 - INFO - 1 change detected
2026-07-14 23:16:04,360 - INFO - 1 change detected
2026-07-14 23:16:04,714 - INFO - 1 change detected
2026-07-14 23:16:05,070 - INFO - 1 change detected
2026-07-14 23:16:05,427 - INFO - 1 change detected
2026-07-14 23:16:05,785 - INFO - 1 change detected
2026-07-14 23:16:06,149 - INFO - 1 change detected
2026-07-14 23:16:06,564 - INFO - 1 change detected
2026-07-14 23:16:06,980 - INFO - 1 change detected
2026-07-14 23:16:07,336 - INFO - 1 change detected
2026-07-14 23:16:07,750 - INFO - 1 change detected
2026-07-14 23:16:08,166 - INFO - 1 change detected
2026-07-14 23:16:08,523 - INFO - 1 change detected
2026-07-14 23:16:08,931 - INFO - 1 change detected
2026-07-14 23:16:09,336 - INFO - 1 change detected
2026-07-14 23:16:09,745 - INFO - 1 change detected
2026-07-14 23:16:10,158 - INFO - 1 change detected
2026-07-14 23:16:10,518 - INFO - 1 change detected
2026-07-14 23:16:10,929 - INFO - 1 change detected
2026-07-14 23:16:11,344 - INFO - 1 change detected
2026-07-14 23:16:11,752 - INFO - 1 change detected
2026-07-14 23:16:12,164 - INFO - 1 change detected
2026-07-14 23:16:12,569 - INFO - 1 change detected
2026-07-14 23:16:12,974 - INFO - 1 change detected
2026-07-14 23:16:13,382 - INFO - 1 change detected
2026-07-14 23:16:13,796 - INFO - 1 change detected
2026-07-14 23:16:14,207 - INFO - 1 change detected
2026-07-14 23:16:14,566 - INFO - 1 change detected
2026-07-14 23:16:14,970 - INFO - 1 change detected
2026-07-14 23:16:15,379 - INFO - 1 change detected
2026-07-14 23:16:15,794 - INFO - 1 change detected
2026-07-14 23:16:16,213 - INFO - 1 change detected
2026-07-14 23:16:16,618 - INFO - 1 change detected
2026-07-14 23:16:16,973 - INFO - 1 change detected
2026-07-14 23:16:17,378 - INFO - 1 change detected
2026-07-14 23:16:17,786 - INFO - 1 change detected
2026-07-14 23:16:18,190 - INFO - 1 change detected
2026-07-14 23:16:18,605 - INFO - 1 change detected
2026-07-14 23:16:19,017 - INFO - 1 change detected
2026-07-14 23:16:19,424 - INFO - 1 change detected
2026-07-14 23:16:19,841 - INFO - 1 change detected
2026-07-14 23:16:20,246 - INFO - 1 change detected
2026-07-14 23:16:20,613 - INFO - 1 change detected
2026-07-14 23:16:21,021 - INFO - 1 change detected
2026-07-14 23:16:21,428 - INFO - 1 change detected
2026-07-14 23:16:21,837 - INFO - 1 change detected
2026-07-14 23:16:22,249 - INFO - 1 change detected
2026-07-14 23:16:22,666 - INFO - 1 change detected
2026-07-14 23:16:23,079 - INFO - 1 change detected
2026-07-14 23:16:23,483 - INFO - 1 change detected
2026-07-14 23:16:23,898 - INFO - 1 change detected
2026-07-14 23:16:24,261 - INFO - 1 change detected
2026-07-14 23:16:24,616 - INFO - 1 change detected
2026-07-14 23:16:24,973 - INFO - 1 change detected
2026-07-14 23:16:25,380 - INFO - 1 change detected
2026-07-14 23:16:25,784 - INFO - 1 change detected
2026-07-14 23:16:26,187 - INFO - 1 change detected
2026-07-14 23:16:26,591 - INFO - 1 change detected
2026-07-14 23:16:27,007 - INFO - 1 change detected
2026-07-14 23:16:27,416 - INFO - 1 change detected
2026-07-14 23:16:27,820 - INFO - 1 change detected
2026-07-14 23:16:28,232 - INFO - 1 change detected
2026-07-14 23:16:28,599 - INFO - 1 change detected
2026-07-14 23:16:29,003 - INFO - 1 change detected
2026-07-14 23:16:29,410 - INFO - 1 change detected
2026-07-14 23:16:29,826 - INFO - 1 change detected
2026-07-14 23:16:30,230 - INFO - 1 change detected
2026-07-14 23:16:30,683 - INFO - 1 change detected
2026-07-14 23:16:31,097 - INFO - 1 change detected
2026-07-14 23:16:31,508 - INFO - 1 change detected
2026-07-14 23:16:31,863 - INFO - 1 change detected
2026-07-14 23:16:32,279 - INFO - 1 change detected
2026-07-14 23:16:32,688 - INFO - 1 change detected
2026-07-14 23:16:33,092 - INFO - 1 change detected
2026-07-14 23:16:33,445 - INFO - 1 change detected
2026-07-14 23:16:33,857 - INFO - 1 change detected
2026-07-14 23:16:34,262 - INFO - 1 change detected
2026-07-14 23:16:34,715 - INFO - 1 change detected
2026-07-14 23:16:35,072 - INFO - 1 change detected
2026-07-14 23:16:35,486 - INFO - 1 change detected
2026-07-14 23:16:35,892 - INFO - 1 change detected
2026-07-14 23:16:36,299 - INFO - 1 change detected
2026-07-14 23:16:36,712 - INFO - 1 change detected
2026-07-14 23:16:37,125 - INFO - 1 change detected
2026-07-14 23:16:37,529 - INFO - 1 change detected
2026-07-14 23:16:37,935 - INFO - 1 change detected
2026-07-14 23:16:38,297 - INFO - 1 change detected
2026-07-14 23:16:38,706 - INFO - 1 change detected
2026-07-14 23:16:39,121 - INFO - 1 change detected
2026-07-14 23:16:39,535 - INFO - 1 change detected
2026-07-14 23:16:39,897 - INFO - 1 change detected
2026-07-14 23:16:40,310 - INFO - 1 change detected
2026-07-14 23:16:40,722 - INFO - 1 change detected
2026-07-14 23:16:41,131 - INFO - 1 change detected
2026-07-14 23:16:41,311 - INFO - Recommendations requested for user: 101
2026-07-14 23:16:41,311 - INFO - Recommendations requested for user: 101
2026-07-14 23:16:41,493 - INFO - 1 change detected
2026-07-14 23:16:41,895 - INFO - 1 change detected
2026-07-14 23:16:42,299 - INFO - 1 change detected
2026-07-14 23:16:42,751 - INFO - 1 change detected
2026-07-14 23:16:43,165 - INFO - 1 change detected
2026-07-14 23:16:43,394 - ERROR - user_id=101, error=name 'start_time' is not defined
2026-07-14 23:16:43,394 - INFO - Recommendations for user 101: {'error': "name 'start_time' is not defined"}
2026-07-14 23:16:43,394 - INFO - user_id=101, latency=2.08293s
2026-07-14 23:16:43,531 - INFO - 1 change detected
2026-07-14 23:16:43,949 - INFO - 1 change detected
2026-07-14 23:16:44,362 - INFO - 1 change detected
2026-07-14 23:16:44,767 - INFO - 1 change detected
2026-07-14 23:16:45,178 - INFO - 1 change detected
2026-07-14 23:16:45,581 - INFO - 1 change detected
2026-07-14 23:16:45,984 - INFO - 1 change detected
2026-07-14 23:16:46,349 - INFO - 1 change detected
2026-07-14 23:16:46,764 - INFO - 1 change detected
2026-07-14 23:16:47,177 - INFO - 1 change detected
2026-07-14 23:16:47,852 - INFO - 1 change detected
2026-07-14 23:16:48,212 - INFO - 1 change detected
2026-07-14 23:16:48,576 - INFO - 1 change detected
2026-07-14 23:16:48,941 - INFO - 1 change detected
2026-07-14 23:16:49,354 - INFO - 1 change detected
2026-07-14 23:16:49,767 - INFO - 1 change detected
2026-07-14 23:16:50,130 - INFO - 1 change detected
2026-07-14 23:16:50,546 - INFO - 1 change detected
2026-07-14 23:16:50,957 - INFO - 1 change detected
2026-07-14 23:16:52,156 - INFO - 1 change detected
2026-07-14 23:49:28,753 - INFO - Recommendations requested for user: 101
2026-07-14 23:49:28,754 - INFO - Recommendations requested for user: 101
2026-07-14 23:49:30,867 - ERROR - user_id=101, error=name 'start_time' is not defined
2026-07-14 23:49:30,867 - INFO - Recommendations for user 101: {'error': "name 'start_time' is not defined"}
2026-07-14 23:49:30,867 - INFO - user_id=101, latency=2.11259s
2026-07-14 23:50:35,381 - INFO - Recommendations requested for user: 101
2026-07-14 23:50:35,381 - INFO - Recommendations requested for user: 101
2026-07-14 23:50:35,384 - ERROR - user_id=101, error=name 'start_time' is not defined
2026-07-14 23:50:35,384 - INFO - Recommendations for user 101: {'error': "name 'start_time' is not defined"}
2026-07-14 23:50:35,384 - INFO - user_id=101, latency=0.00268s
2026-07-14 23:50:49,245 - INFO - Recommendations requested for user: 101
2026-07-14 23:50:49,246 - INFO - Recommendations requested for user: 101
2026-07-14 23:50:49,248 - ERROR - user_id=101, error=name 'start_time' is not defined
2026-07-14 23:50:49,248 - INFO - Recommendations for user 101: {'error': "name 'start_time' is not defined"}
2026-07-14 23:50:49,248 - INFO - user_id=101, latency=0.00176s
2026-07-14 23:51:32,539 - INFO - Recommendations requested for user: 101
2026-07-14 23:51:32,539 - INFO - Recommendations requested for user: 101
2026-07-14 23:51:32,555 - ERROR - user_id=101, error=name 'start_time' is not defined
2026-07-14 23:51:32,555 - INFO - Recommendations for user 101: {'error': "name 'start_time' is not defined"}
2026-07-14 23:51:32,555 - INFO - user_id=101, latency=0.01599s
2026-07-14 23:51:33,849 - INFO - Recommendations requested for user: 101
2026-07-14 23:51:33,849 - INFO - Recommendations requested for user: 101
2026-07-14 23:51:33,851 - ERROR - user_id=101, error=name 'start_time' is not defined
2026-07-14 23:51:33,851 - INFO - Recommendations for user 101: {'error': "name 'start_time' is not defined"}
2026-07-14 23:51:33,851 - INFO - user_id=101, latency=0.00202s
2026-07-14 23:53:00,993 - INFO - Recommendations requested for user: 101
2026-07-14 23:53:00,993 - INFO - Recommendations requested for user: 101
2026-07-14 23:53:00,994 - ERROR - user_id=101, error=name 'start_time' is not defined
2026-07-14 23:53:00,994 - INFO - Recommendations for user 101: {'error': "name 'start_time' is not defined"}
2026-07-14 23:53:00,994 - INFO - user_id=101, latency=0.00099s
2026-07-14 23:53:30,692 - INFO - Recommendations requested for user: 101
2026-07-14 23:53:30,692 - INFO - Recommendations requested for user: 101
2026-07-14 23:53:32,760 - INFO - Returning recommendation cache for user=101
2026-07-14 23:53:32,760 - INFO - Recommendations for user 101: [{'movieId': 175, 'title': 'Kids (1995)'}, {'movieId': 388, 'title': 'Boys Life (1995)'}, {'movieId': 145, 'title': 'Bad Boys (1995)'}, {'movieId': 255, 'title': 'Jerky Boys, The (1995)'}, {'movieId': 150, 'title': 'Apollo 13 (1995)'}, {'movieId': 260, 'title': 'Star Wars: Episode IV - A New Hope (1977)'}, {'movieId': 256, 'title': 'Junior (1994)'}, {'movieId': 703, 'title': 'Boys (1996)'}, {'movieId': 148, 'title': 'Awfully Big Adventure, An (1995)'}, {'movieId': 45, 'title': 'To Die For (1995)'}]
2026-07-14 23:53:32,760 - INFO - user_id=101, latency=2.06745s
2026-07-17 23:58:17,689 - INFO - Recommendations requested for user: 101
2026-07-17 23:58:17,689 - INFO - Recommendations requested for user: 101
2026-07-17 23:58:19,776 - INFO - Returning recommendation cache for user=101
2026-07-17 23:58:19,776 - INFO - Recommendations for user 101: [{'movieId': 175, 'title': 'Kids (1995)'}, {'movieId': 388, 'title': 'Boys Life (1995)'}, {'movieId': 145, 'title': 'Bad Boys (1995)'}, {'movieId': 255, 'title': 'Jerky Boys, The (1995)'}, {'movieId': 150, 'title': 'Apollo 13 (1995)'}, {'movieId': 260, 'title': 'Star Wars: Episode IV - A New Hope (1977)'}, {'movieId': 256, 'title': 'Junior (1994)'}, {'movieId': 703, 'title': 'Boys (1996)'}, {'movieId': 148, 'title': 'Awfully Big Adventure, An (1995)'}, {'movieId': 45, 'title': 'To Die For (1995)'}]
2026-07-17 23:58:19,776 - INFO - user_id=101, latency=2.08664s
2026-07-17 23:58:28,026 - INFO - Recommendations requested for user: 999999
2026-07-17 23:58:28,027 - INFO - Recommendations requested for user: 999999
2026-07-17 23:58:28,028 - INFO - EMBEDDING_CACHE_MISS user=999999
2026-07-17 23:58:28,029 - INFO - Building embedding user=999999
2026-07-17 23:58:28,036 - ERROR - User not found: 999999
2026-07-17 23:58:28,036 - INFO - Recommendations for user 999999: {'error': 'User not found'}
2026-07-17 23:58:28,036 - INFO - user_id=999999, latency=0.00906s
2026-07-18 00:04:02,591 - INFO - Recommendations requested for user: 999999
2026-07-18 00:04:02,594 - INFO - Recommendations requested for user: 999999
2026-07-18 00:04:02,605 - INFO - EMBEDDING_CACHE_MISS user=999999
2026-07-18 00:04:02,605 - INFO - Building embedding user=999999
2026-07-18 00:04:02,673 - ERROR - User not found: 999999
2026-07-18 00:04:02,674 - INFO - Recommendations for user 999999: {'error': 'User not found'}
2026-07-18 00:04:02,674 - INFO - user_id=999999, latency=0.07911s
2026-07-18 00:04:15,211 - INFO - Recommendations requested for user: 999999
2026-07-18 00:04:15,211 - INFO - Recommendations requested for user: 999999
2026-07-18 00:04:15,212 - INFO - EMBEDDING_CACHE_MISS user=999999
2026-07-18 00:04:15,212 - INFO - Building embedding user=999999
2026-07-18 00:04:15,213 - ERROR - User not found: 999999
2026-07-18 00:04:15,213 - INFO - Recommendations for user 999999: {'error': 'User not found'}
2026-07-18 00:04:15,213 - INFO - user_id=999999, latency=0.00209s
2026-07-18 00:04:21,836 - INFO - Recommendations requested for user: 999999
2026-07-18 00:04:21,836 - INFO - Recommendations requested for user: 999999
2026-07-18 00:04:21,838 - INFO - EMBEDDING_CACHE_MISS user=999999
2026-07-18 00:04:21,838 - INFO - Building embedding user=999999
2026-07-18 00:04:21,838 - ERROR - User not found: 999999
2026-07-18 00:04:21,838 - INFO - Recommendations for user 999999: {'error': 'User not found'}
2026-07-18 00:04:21,838 - INFO - user_id=999999, latency=0.002s
2026-08-02 20:47:58,393 - INFO - Recommendations requested for user: 102
2026-08-02 20:47:58,393 - INFO - Recommendations requested for user: 102
2026-08-02 20:48:31,214 - INFO - Recommendations requested for user: 101
2026-08-02 20:48:31,214 - INFO - Recommendations requested for user: 101
2026-08-02 20:48:46,805 - ERROR - user_id=102, error=Error 10061 connecting to localhost:6379. No connection could be made because the target machine actively refused it.
2026-08-02 20:49:18,854 - ERROR - user_id=101, error=Error 10061 connecting to localhost:6379. No connection could be made because the target machine actively refused it.
2026-08-02 20:56:44,507 - INFO - Recommendations requested for user: 101
2026-08-02 20:56:44,512 - INFO - Recommendations requested for user: 101
2026-08-02 20:57:34,685 - ERROR - user_id=101, error=Error 10061 connecting to localhost:6379. No connection could be made because the target machine actively refused it.
2026-08-17 21:09:34,036 - INFO - 1 change detected
2026-08-17 21:09:36,275 - INFO - 1 change detected
2026-08-17 21:09:36,647 - INFO - 2 changes detected
2026-08-17 21:09:40,801 - INFO - 1 change detected
2026-08-17 21:09:44,995 - INFO - 1 change detected
2026-08-17 21:09:45,364 - INFO - 1 change detected
2026-08-17 21:09:45,734 - INFO - 1 change detected
2026-08-17 21:09:46,150 - INFO - 1 change detected
2026-08-17 21:09:46,554 - INFO - 1 change detected
2026-08-17 21:09:46,913 - INFO - 1 change detected
2026-08-17 21:09:47,331 - INFO - 1 change detected
2026-08-17 21:09:47,742 - INFO - 1 change detected
2026-08-17 21:09:48,153 - INFO - 1 change detected
2026-08-17 21:09:48,518 - INFO - 1 change detected
2026-08-17 21:09:48,930 - INFO - 1 change detected
2026-08-17 21:09:49,339 - INFO - 1 change detected
2026-08-17 21:09:49,748 - INFO - 1 change detected
2026-08-17 21:09:50,151 - INFO - 1 change detected
2026-08-17 21:09:50,517 - INFO - 1 change detected
2026-08-17 21:09:50,922 - INFO - 1 change detected
2026-08-17 21:09:51,333 - INFO - 1 change detected
2026-08-17 21:09:51,785 - INFO - 1 change detected
2026-08-17 21:09:52,139 - INFO - 1 change detected
2026-08-17 21:09:52,848 - INFO - 1 change detected
2026-08-17 21:09:53,209 - INFO - 1 change detected
2026-08-17 21:09:53,613 - INFO - 1 change detected
2026-08-17 21:09:54,026 - INFO - 1 change detected
2026-08-17 21:09:54,429 - INFO - 1 change detected
2026-08-17 21:09:54,838 - INFO - 1 change detected
2026-08-17 21:09:55,245 - INFO - 1 change detected
2026-08-17 21:09:55,657 - INFO - 1 change detected
2026-08-17 21:09:56,074 - INFO - 1 change detected
2026-08-17 21:09:56,486 - INFO - 1 change detected
2026-08-17 21:09:56,896 - INFO - 1 change detected
2026-08-17 21:09:57,301 - INFO - 1 change detected
2026-08-17 21:09:57,707 - INFO - 1 change detected
2026-08-17 21:09:58,060 - INFO - 1 change detected
2026-08-17 21:09:58,464 - INFO - 1 change detected
2026-08-17 21:09:58,874 - INFO - 1 change detected
2026-08-17 21:09:59,290 - INFO - 1 change detected
2026-08-17 21:09:59,649 - INFO - 1 change detected
2026-08-17 21:10:00,064 - INFO - 1 change detected
2026-08-17 21:10:00,465 - INFO - 1 change detected
2026-08-17 21:10:00,877 - INFO - 1 change detected
2026-08-17 21:10:01,285 - INFO - 1 change detected
2026-08-17 21:10:01,638 - INFO - 1 change detected
2026-08-17 21:10:02,041 - INFO - 1 change detected
2026-08-17 21:10:02,456 - INFO - 1 change detected
2026-08-17 21:10:02,859 - INFO - 1 change detected
2026-08-17 21:10:03,279 - INFO - 1 change detected
2026-08-17 21:10:03,643 - INFO - 1 change detected
2026-08-17 21:10:04,058 - INFO - 1 change detected
2026-08-17 21:10:04,472 - INFO - 1 change detected
2026-08-17 21:10:04,873 - INFO - 1 change detected
2026-08-17 21:10:05,289 - INFO - 1 change detected
2026-08-17 21:10:05,644 - INFO - 1 change detected
2026-08-17 21:10:06,059 - INFO - 1 change detected
2026-08-17 21:10:06,472 - INFO - 1 change detected
2026-08-17 21:10:06,883 - INFO - 1 change detected
2026-08-17 21:10:07,288 - INFO - 1 change detected
2026-08-17 21:10:07,646 - INFO - 1 change detected
2026-08-17 21:10:08,060 - INFO - 1 change detected
2026-08-17 21:10:08,472 - INFO - 1 change detected
2026-08-17 21:10:08,884 - INFO - 1 change detected
2026-08-17 21:10:09,287 - INFO - 1 change detected
2026-08-17 21:10:09,651 - INFO - 1 change detected
2026-08-17 21:10:10,056 - INFO - 1 change detected
2026-08-17 21:10:10,413 - INFO - 1 change detected
2026-08-17 21:10:10,819 - INFO - 1 change detected
2026-08-17 21:10:11,222 - INFO - 1 change detected
2026-08-17 21:10:11,630 - INFO - 1 change detected
2026-08-17 21:10:12,034 - INFO - 1 change detected
2026-08-17 21:10:12,392 - INFO - 1 change detected
2026-08-17 21:10:12,801 - INFO - 1 change detected
2026-08-17 21:10:13,205 - INFO - 1 change detected
2026-08-17 21:10:13,614 - INFO - 1 change detected
2026-08-17 21:10:13,976 - INFO - 1 change detected
2026-08-17 21:10:14,380 - INFO - 1 change detected
2026-08-17 21:10:14,790 - INFO - 1 change detected
2026-08-17 21:10:15,192 - INFO - 1 change detected
2026-08-17 21:10:15,598 - INFO - 1 change detected
2026-08-17 21:10:15,957 - INFO - 1 change detected
2026-08-17 21:10:16,360 - INFO - 1 change detected
2026-08-17 21:10:16,765 - INFO - 1 change detected
2026-08-17 21:10:17,175 - INFO - 1 change detected
2026-08-17 21:10:17,532 - INFO - 1 change detected
2026-08-17 21:10:17,938 - INFO - 1 change detected
2026-08-17 21:10:18,356 - INFO - 1 change detected
2026-08-17 21:10:18,717 - INFO - 1 change detected
2026-08-17 21:10:19,123 - INFO - 1 change detected
2026-08-17 21:10:19,529 - INFO - 1 change detected
2026-08-17 21:10:19,941 - INFO - 1 change detected
2026-08-17 21:10:20,346 - INFO - 1 change detected
2026-08-17 21:10:20,706 - INFO - 1 change detected
2026-08-17 21:10:21,120 - INFO - 1 change detected
2026-08-17 21:10:21,534 - INFO - 1 change detected
2026-08-17 21:10:21,945 - INFO - 1 change detected
2026-08-17 21:10:22,347 - INFO - 1 change detected
2026-08-17 21:10:22,753 - INFO - 1 change detected
2026-08-17 21:10:23,114 - INFO - 1 change detected
2026-08-17 21:10:23,570 - INFO - 1 change detected
2026-08-17 21:10:23,927 - INFO - 1 change detected
2026-08-17 21:10:24,382 - INFO - 1 change detected
2026-08-17 21:10:24,775 - INFO - 1 change detected
2026-08-17 21:10:25,184 - INFO - 1 change detected
2026-08-17 21:10:25,596 - INFO - 1 change detected
2026-08-17 21:10:25,956 - INFO - 1 change detected
2026-08-17 21:10:26,410 - INFO - 1 change detected
2026-08-17 21:10:26,768 - INFO - 1 change detected
2026-08-17 21:10:27,173 - INFO - 1 change detected
2026-08-17 21:10:27,632 - INFO - 1 change detected
2026-08-17 21:10:27,983 - INFO - 1 change detected
2026-08-17 21:10:28,385 - INFO - 1 change detected
2026-08-17 21:10:28,799 - INFO - 1 change detected
2026-08-17 21:10:29,255 - INFO - 1 change detected
2026-08-17 21:10:29,660 - INFO - 1 change detected
2026-08-17 21:10:30,166 - INFO - 1 change detected
2026-08-17 21:10:30,583 - INFO - 1 change detected
2026-08-17 21:10:30,994 - INFO - 1 change detected
2026-08-17 21:10:31,409 - INFO - 1 change detected
2026-08-17 21:10:31,771 - INFO - 1 change detected
2026-08-17 21:10:32,173 - INFO - 1 change detected
2026-08-17 21:10:32,626 - INFO - 1 change detected
2026-08-17 21:10:33,036 - INFO - 1 change detected
2026-08-17 21:10:33,448 - INFO - 1 change detected
2026-08-17 21:10:33,801 - INFO - 1 change detected
2026-08-17 21:10:34,214 - INFO - 1 change detected
2026-08-17 21:10:34,618 - INFO - 1 change detected
2026-08-17 21:10:35,032 - INFO - 1 change detected
2026-08-17 21:10:35,390 - INFO - 1 change detected
2026-08-17 21:10:35,801 - INFO - 1 change detected
2026-08-17 21:10:36,208 - INFO - 1 change detected
2026-08-17 21:10:36,618 - INFO - 1 change detected
2026-08-17 21:10:37,019 - INFO - 1 change detected
2026-08-17 21:10:37,422 - INFO - 1 change detected
2026-08-17 21:10:37,774 - INFO - 1 change detected
2026-08-17 21:10:38,180 - INFO - 1 change detected
2026-08-17 21:10:38,592 - INFO - 1 change detected
2026-08-17 21:10:38,957 - INFO - 1 change detected
2026-08-17 21:10:39,371 - INFO - 1 change detected
2026-08-17 21:10:39,780 - INFO - 1 change detected
2026-08-17 21:10:40,189 - INFO - 1 change detected
2026-08-17 21:10:40,547 - INFO - 1 change detected
2026-08-17 21:10:40,962 - INFO - 1 change detected
2026-08-17 21:10:41,416 - INFO - 1 change detected
2026-08-17 21:10:41,774 - INFO - 1 change detected
2026-08-17 21:10:42,187 - INFO - 1 change detected
2026-08-17 21:10:42,549 - INFO - 1 change detected
2026-08-17 21:10:42,965 - INFO - 1 change detected
2026-08-17 21:10:43,378 - INFO - 1 change detected
2026-08-17 21:10:43,789 - INFO - 1 change detected
2026-08-17 21:10:44,155 - INFO - 1 change detected
2026-08-17 21:10:44,565 - INFO - 1 change detected
2026-08-17 21:10:44,927 - INFO - 1 change detected
2026-08-17 21:10:45,342 - INFO - 1 change detected
2026-08-17 21:10:45,754 - INFO - 1 change detected
2026-08-17 21:10:46,114 - INFO - 1 change detected
2026-08-17 21:10:46,520 - INFO - 1 change detected
2026-08-17 21:10:46,924 - INFO - 1 change detected
2026-08-17 21:10:47,379 - INFO - 1 change detected
2026-08-17 21:10:47,733 - INFO - 1 change detected
2026-08-17 21:10:48,144 - INFO - 1 change detected
2026-08-17 21:10:48,546 - INFO - 1 change detected
2026-08-17 21:10:48,954 - INFO - 1 change detected
2026-08-17 21:10:49,317 - INFO - 1 change detected
2026-08-17 21:10:49,719 - INFO - 1 change detected
2026-08-17 21:10:50,123 - INFO - 1 change detected
2026-08-17 21:10:50,531 - INFO - 1 change detected
2026-08-17 21:10:50,938 - INFO - 1 change detected
2026-08-17 21:10:51,351 - INFO - 1 change detected
2026-08-17 21:10:51,763 - INFO - 1 change detected
2026-08-17 21:10:52,123 - INFO - 1 change detected
2026-08-17 21:10:52,536 - INFO - 1 change detected
2026-08-17 21:10:52,947 - INFO - 1 change detected
2026-08-17 21:10:53,351 - INFO - 1 change detected
2026-08-17 21:10:53,761 - INFO - 1 change detected
2026-08-17 21:10:54,124 - INFO - 1 change detected
2026-08-17 21:10:54,540 - INFO - 1 change detected
2026-08-17 21:10:54,945 - INFO - 1 change detected
2026-08-17 21:10:55,350 - INFO - 1 change detected
2026-08-17 21:10:55,714 - INFO - 1 change detected
2026-08-17 21:10:56,120 - INFO - 1 change detected
2026-08-17 21:10:56,530 - INFO - 1 change detected
2026-08-17 21:10:56,942 - INFO - 1 change detected
2026-08-17 21:10:57,355 - INFO - 1 change detected
2026-08-17 21:10:57,714 - INFO - 1 change detected
2026-08-17 21:10:58,130 - INFO - 1 change detected
2026-08-17 21:10:58,490 - INFO - 1 change detected
2026-08-17 21:10:58,898 - INFO - 1 change detected
2026-08-17 21:10:59,310 - INFO - 1 change detected
2026-08-17 21:10:59,721 - INFO - 1 change detected
2026-08-17 21:11:00,083 - INFO - 1 change detected
2026-08-17 21:11:00,500 - INFO - 1 change detected
2026-08-17 21:11:00,904 - INFO - 1 change detected
2026-08-17 21:11:01,264 - INFO - 1 change detected
2026-08-17 21:11:01,678 - INFO - 1 change detected
2026-08-17 21:11:02,082 - INFO - 1 change detected
2026-08-17 21:11:02,495 - INFO - 1 change detected
2026-08-17 21:11:02,903 - INFO - 1 change detected
2026-08-17 21:11:03,319 - INFO - 1 change detected
2026-08-17 21:11:03,722 - INFO - 1 change detected
2026-08-17 21:11:04,129 - INFO - 1 change detected
2026-08-17 21:11:04,493 - INFO - 1 change detected
2026-08-17 21:11:04,896 - INFO - 1 change detected
2026-08-17 21:11:05,304 - INFO - 1 change detected
2026-08-17 21:11:05,724 - INFO - 1 change detected
2026-08-17 21:11:06,129 - INFO - 1 change detected
2026-08-17 21:11:06,484 - INFO - 1 change detected
2026-08-17 21:11:06,889 - INFO - 1 change detected
2026-08-17 21:11:07,303 - INFO - 1 change detected
2026-08-17 21:11:07,705 - INFO - 1 change detected
2026-08-17 21:11:08,107 - INFO - 1 change detected
2026-08-17 21:11:08,518 - INFO - 1 change detected
2026-08-17 21:11:08,922 - INFO - 1 change detected
2026-08-17 21:11:09,324 - INFO - 1 change detected
2026-08-17 21:11:09,727 - INFO - 1 change detected
2026-08-17 21:11:10,129 - INFO - 1 change detected
2026-08-17 21:11:10,535 - INFO - 1 change detected
2026-08-17 21:11:10,939 - INFO - 1 change detected
2026-08-17 21:11:11,295 - INFO - 1 change detected
2026-08-17 21:11:11,697 - INFO - 1 change detected
2026-08-17 21:11:12,109 - INFO - 1 change detected
2026-08-17 21:11:12,525 - INFO - 1 change detected
2026-08-17 21:11:12,891 - INFO - 1 change detected
2026-08-17 21:11:13,302 - INFO - 1 change detected
2026-08-17 21:11:13,667 - INFO - 1 change detected
2026-08-17 21:11:14,071 - INFO - 1 change detected
2026-08-17 21:11:14,484 - INFO - 1 change detected
2026-08-17 21:11:14,900 - INFO - 1 change detected
2026-08-17 21:11:15,253 - INFO - 1 change detected
2026-08-17 21:11:15,654 - INFO - 1 change detected
2026-08-17 21:11:16,063 - INFO - 1 change detected
2026-08-17 21:11:16,469 - INFO - 1 change detected
2026-08-17 21:11:16,870 - INFO - 1 change detected
2026-08-17 21:11:17,286 - INFO - 1 change detected
2026-08-17 21:11:17,691 - INFO - 1 change detected
2026-08-17 21:11:18,044 - INFO - 1 change detected
2026-08-17 21:11:18,449 - INFO - 1 change detected
2026-08-17 21:11:18,851 - INFO - 1 change detected
2026-08-17 21:11:19,254 - INFO - 1 change detected
2026-08-17 21:11:19,660 - INFO - 1 change detected
2026-08-17 21:11:20,024 - INFO - 1 change detected
2026-08-17 21:11:20,434 - INFO - 1 change detected
2026-08-17 21:11:20,836 - INFO - 1 change detected
2026-08-17 21:11:21,245 - INFO - 1 change detected
2026-08-17 21:11:21,659 - INFO - 1 change detected
2026-08-17 21:11:22,022 - INFO - 1 change detected
2026-08-17 21:11:22,427 - INFO - 1 change detected
2026-08-17 21:11:22,837 - INFO - 1 change detected
2026-08-17 21:11:23,200 - INFO - 1 change detected
2026-08-17 21:11:23,602 - INFO - 1 change detected
2026-08-17 21:11:24,010 - INFO - 1 change detected
2026-08-17 21:11:24,415 - INFO - 1 change detected
2026-08-17 21:11:24,767 - INFO - 1 change detected
2026-08-17 21:11:25,181 - INFO - 1 change detected
2026-08-17 21:11:25,587 - INFO - 1 change detected
2026-08-17 21:11:25,940 - INFO - 1 change detected
2026-08-17 21:11:26,343 - INFO - 1 change detected
2026-08-17 21:11:26,746 - INFO - 1 change detected
2026-08-17 21:11:27,156 - INFO - 1 change detected
2026-08-17 21:11:27,558 - INFO - 1 change detected
2026-08-17 21:11:27,911 - INFO - 1 change detected
2026-08-17 21:11:28,316 - INFO - 1 change detected
2026-08-17 21:11:28,718 - INFO - 1 change detected
2026-08-17 21:11:29,121 - INFO - 1 change detected
2026-08-17 21:11:29,524 - INFO - 1 change detected
2026-08-17 21:11:29,935 - INFO - 1 change detected
2026-08-17 21:11:30,293 - INFO - 1 change detected
2026-08-17 21:11:30,700 - INFO - 1 change detected
2026-08-17 21:11:31,102 - INFO - 1 change detected
2026-08-17 21:11:31,509 - INFO - 1 change detected
2026-08-17 21:11:31,920 - INFO - 1 change detected
2026-08-17 21:11:32,280 - INFO - 1 change detected
2026-08-17 21:11:32,683 - INFO - 1 change detected
2026-08-17 21:11:33,095 - INFO - 1 change detected
2026-08-17 21:11:33,461 - INFO - 1 change detected
2026-08-17 21:11:33,919 - INFO - 1 change detected
2026-08-17 21:11:34,273 - INFO - 1 change detected
2026-08-17 21:11:34,678 - INFO - 1 change detected
2026-08-17 21:11:35,083 - INFO - 1 change detected
2026-08-17 21:11:35,501 - INFO - 1 change detected
2026-08-17 21:11:35,908 - INFO - 1 change detected
2026-08-17 21:11:36,318 - INFO - 1 change detected
2026-08-17 21:11:36,723 - INFO - 1 change detected
2026-08-17 21:11:37,128 - INFO - 1 change detected
2026-08-17 21:11:37,534 - INFO - 1 change detected
2026-08-17 21:11:37,937 - INFO - 1 change detected
2026-08-17 21:11:38,301 - INFO - 1 change detected
2026-08-17 21:11:38,714 - INFO - 1 change detected
2026-08-17 21:11:39,120 - INFO - 1 change detected
2026-08-17 21:11:39,521 - INFO - 1 change detected
2026-08-17 21:11:39,924 - INFO - 1 change detected
2026-08-17 21:11:40,330 - INFO - 1 change detected
2026-08-17 21:11:40,734 - INFO - 1 change detected
2026-08-17 21:11:41,144 - INFO - 1 change detected
2026-08-17 21:11:41,560 - INFO - 1 change detected
2026-08-17 21:11:41,968 - INFO - 1 change detected
2026-08-17 21:11:42,374 - INFO - 1 change detected
2026-08-17 21:11:42,780 - INFO - 1 change detected
2026-08-17 21:11:43,188 - INFO - 1 change detected
2026-08-17 21:11:43,604 - INFO - 1 change detected
2026-08-17 21:11:43,968 - INFO - 1 change detected
2026-08-17 21:11:44,372 - INFO - 1 change detected
2026-08-17 21:11:44,925 - INFO - 1 change detected
2026-08-17 21:11:45,330 - INFO - 1 change detected
2026-08-17 21:11:45,732 - INFO - 1 change detected
2026-08-17 21:11:46,138 - INFO - 1 change detected
2026-08-17 21:11:46,500 - INFO - 1 change detected
2026-08-17 21:11:46,901 - INFO - 1 change detected
2026-08-17 21:11:47,311 - INFO - 1 change detected
2026-08-17 21:11:47,716 - INFO - 1 change detected
2026-08-17 21:11:48,122 - INFO - 1 change detected
2026-08-17 21:11:48,483 - INFO - 1 change detected
2026-08-17 21:11:48,898 - INFO - 1 change detected
2026-08-17 21:11:49,309 - INFO - 1 change detected
2026-08-17 21:11:49,713 - INFO - 1 change detected
2026-08-17 21:11:50,118 - INFO - 1 change detected
2026-08-17 21:11:50,531 - INFO - 1 change detected
2026-08-17 21:11:50,886 - INFO - 1 change detected
2026-08-17 21:11:51,343 - INFO - 1 change detected
2026-08-17 21:11:51,697 - INFO - 1 change detected
2026-08-17 21:11:52,111 - INFO - 1 change detected
2026-08-17 21:11:52,515 - INFO - 1 change detected
2026-08-17 21:11:52,920 - INFO - 1 change detected
2026-08-17 21:11:53,323 - INFO - 1 change detected
2026-08-17 21:11:53,733 - INFO - 1 change detected
2026-08-17 21:11:54,136 - INFO - 1 change detected
2026-08-17 21:11:54,499 - INFO - 1 change detected
2026-08-17 21:11:54,905 - INFO - 1 change detected
2026-08-17 21:11:55,308 - INFO - 1 change detected
2026-08-17 21:11:55,710 - INFO - 1 change detected
2026-08-17 21:11:56,116 - INFO - 1 change detected
2026-08-17 21:11:56,522 - INFO - 1 change detected
2026-08-17 21:11:56,884 - INFO - 1 change detected
2026-08-17 21:11:57,292 - INFO - 1 change detected
2026-08-17 21:11:57,708 - INFO - 1 change detected
2026-08-17 21:11:58,073 - INFO - 1 change detected
2026-08-17 21:11:58,485 - INFO - 1 change detected
2026-08-17 21:11:58,886 - INFO - 1 change detected
2026-08-17 21:11:59,296 - INFO - 1 change detected
2026-08-17 21:11:59,655 - INFO - 1 change detected
2026-08-17 21:12:00,060 - INFO - 1 change detected
2026-08-17 21:12:00,462 - INFO - 1 change detected
2026-08-17 21:12:00,867 - INFO - 1 change detected
2026-08-17 21:12:01,283 - INFO - 1 change detected
2026-08-17 21:12:01,685 - INFO - 1 change detected
2026-08-17 21:12:02,051 - INFO - 1 change detected
2026-08-17 21:12:02,510 - INFO - 1 change detected
2026-08-17 21:12:02,871 - INFO - 1 change detected
2026-08-17 21:12:03,288 - INFO - 1 change detected
2026-08-17 21:12:03,703 - INFO - 1 change detected
2026-08-17 21:12:04,112 - INFO - 1 change detected
2026-08-17 21:12:04,516 - INFO - 1 change detected
2026-08-17 21:12:04,927 - INFO - 1 change detected
2026-08-17 21:12:05,330 - INFO - 1 change detected
2026-08-17 21:12:05,739 - INFO - 1 change detected
2026-08-17 21:12:06,142 - INFO - 1 change detected
2026-08-17 21:12:06,501 - INFO - 1 change detected
2026-08-17 21:12:06,908 - INFO - 1 change detected
2026-08-17 21:12:07,325 - INFO - 1 change detected
2026-08-17 21:12:07,729 - INFO - 1 change detected
2026-08-17 21:12:08,142 - INFO - 1 change detected
2026-08-17 21:12:08,556 - INFO - 1 change detected
2026-08-17 21:12:08,965 - INFO - 1 change detected
2026-08-17 21:12:09,380 - INFO - 1 change detected
2026-08-17 21:12:09,795 - INFO - 1 change detected
2026-08-17 21:12:10,213 - INFO - 1 change detected
2026-08-17 21:12:10,629 - INFO - 1 change detected
2026-08-17 21:12:11,040 - INFO - 1 change detected
2026-08-17 21:12:11,456 - INFO - 1 change detected
2026-08-17 21:12:11,859 - INFO - 1 change detected
2026-08-17 21:12:12,273 - INFO - 1 change detected
2026-08-17 21:12:12,633 - INFO - 1 change detected
2026-08-17 21:12:13,098 - INFO - 1 change detected
2026-08-17 21:12:13,511 - INFO - 1 change detected
2026-08-17 21:12:13,922 - INFO - 1 change detected
2026-08-17 21:12:14,287 - INFO - 1 change detected
2026-08-17 21:12:14,700 - INFO - 1 change detected
2026-08-17 21:12:15,107 - INFO - 1 change detected
2026-08-17 21:12:15,511 - INFO - 1 change detected
2026-08-17 21:12:15,926 - INFO - 1 change detected
2026-08-17 21:12:16,335 - INFO - 1 change detected
2026-08-17 21:12:16,702 - INFO - 1 change detected
2026-08-17 21:12:17,115 - INFO - 1 change detected
2026-08-17 21:12:17,567 - INFO - 1 change detected
2026-08-17 21:12:17,981 - INFO - 1 change detected
2026-08-17 21:12:18,386 - INFO - 1 change detected
2026-08-17 21:12:18,789 - INFO - 1 change detected
2026-08-17 21:12:19,153 - INFO - 1 change detected
2026-08-17 21:12:19,563 - INFO - 1 change detected
2026-08-17 21:12:19,923 - INFO - 1 change detected
2026-08-17 21:12:20,374 - INFO - 1 change detected
2026-08-17 21:12:20,734 - INFO - 1 change detected
2026-08-17 21:12:21,136 - INFO - 1 change detected
2026-08-17 21:12:21,552 - INFO - 1 change detected
2026-08-17 21:12:21,965 - INFO - 1 change detected
2026-08-17 21:12:22,367 - INFO - 1 change detected
2026-08-17 21:12:22,718 - INFO - 1 change detected
2026-08-17 21:12:23,126 - INFO - 1 change detected
2026-08-17 21:12:23,531 - INFO - 1 change detected
2026-08-17 21:12:23,943 - INFO - 1 change detected
2026-08-17 21:12:24,345 - INFO - 1 change detected
2026-08-17 21:12:24,701 - INFO - 1 change detected
2026-08-17 21:12:25,114 - INFO - 1 change detected
2026-08-17 21:12:25,517 - INFO - 1 change detected
2026-08-17 21:12:25,870 - INFO - 1 change detected
2026-08-17 21:12:26,276 - INFO - 1 change detected
2026-08-17 21:12:26,691 - INFO - 1 change detected
2026-08-17 21:12:27,102 - INFO - 1 change detected
2026-08-17 21:12:27,465 - INFO - 1 change detected
2026-08-17 21:12:27,877 - INFO - 1 change detected
2026-08-17 21:12:28,292 - INFO - 1 change detected
2026-08-17 21:12:28,655 - INFO - 1 change detected
2026-08-17 21:12:29,070 - INFO - 1 change detected
2026-08-17 21:12:29,476 - INFO - 1 change detected
2026-08-17 21:12:29,838 - INFO - 1 change detected
2026-08-17 21:12:30,245 - INFO - 1 change detected
2026-08-17 21:12:30,659 - INFO - 1 change detected
2026-08-17 21:12:31,072 - INFO - 1 change detected
2026-08-17 21:12:31,435 - INFO - 1 change detected
2026-08-17 21:12:31,850 - INFO - 1 change detected
2026-08-17 21:12:32,252 - INFO - 1 change detected
2026-08-17 21:12:32,660 - INFO - 1 change detected
2026-08-17 21:12:33,032 - INFO - 1 change detected
2026-08-17 21:12:33,438 - INFO - 1 change detected
2026-08-17 21:12:33,848 - INFO - 1 change detected
2026-08-17 21:12:34,265 - INFO - 1 change detected
2026-08-17 21:12:34,671 - INFO - 1 change detected
2026-08-17 21:12:35,075 - INFO - 1 change detected
2026-08-17 21:12:35,483 - INFO - 1 change detected
2026-08-17 21:12:35,898 - INFO - 1 change detected
2026-08-17 21:12:36,303 - INFO - 1 change detected
2026-08-17 21:12:36,710 - INFO - 1 change detected
2026-08-17 21:12:37,120 - INFO - 1 change detected
2026-08-17 21:12:37,481 - INFO - 1 change detected
2026-08-17 21:12:37,896 - INFO - 1 change detected
2026-08-17 21:12:38,308 - INFO - 1 change detected
2026-08-17 21:12:38,710 - INFO - 1 change detected
2026-08-17 21:12:39,113 - INFO - 1 change detected
2026-08-17 21:12:39,519 - INFO - 1 change detected
2026-08-17 21:12:39,922 - INFO - 1 change detected
2026-08-17 21:12:40,285 - INFO - 1 change detected
2026-08-17 21:12:40,702 - INFO - 1 change detected
2026-08-17 21:12:41,113 - INFO - 1 change detected
2026-08-17 21:12:41,515 - INFO - 1 change detected
2026-08-17 21:12:41,924 - INFO - 1 change detected
2026-08-17 21:12:42,329 - INFO - 1 change detected
2026-08-17 21:12:42,733 - INFO - 1 change detected
2026-08-17 21:12:43,134 - INFO - 1 change detected
2026-08-17 21:12:43,495 - INFO - 1 change detected
2026-08-17 21:12:43,901 - INFO - 1 change detected
2026-08-17 21:12:44,307 - INFO - 1 change detected
2026-08-17 21:12:44,671 - INFO - 1 change detected
2026-08-17 21:12:45,086 - INFO - 1 change detected
2026-08-17 21:12:45,502 - INFO - 1 change detected
2026-08-17 21:12:45,914 - INFO - 1 change detected
2026-08-17 21:12:46,315 - INFO - 1 change detected
2026-08-17 21:12:46,673 - INFO - 1 change detected
2026-08-17 21:12:47,132 - INFO - 2 changes detected
2026-08-17 21:12:47,536 - INFO - 1 change detected
2026-08-17 21:12:47,943 - INFO - 1 change detected
2026-08-17 21:12:48,352 - INFO - 5 changes detected
2026-08-17 21:12:48,720 - INFO - 1 change detected
2026-08-17 21:12:49,122 - INFO - 1 change detected
2026-08-17 21:12:49,529 - INFO - 1 change detected
2026-08-17 21:12:49,931 - INFO - 1 change detected
2026-08-17 21:12:50,941 - INFO - 1 change detected
2026-08-17 21:12:53,963 - INFO - 1 change detected
2026-08-17 21:12:55,228 - INFO - 1 change detected
2026-08-17 21:12:55,635 - INFO - 1 change detected
2026-08-17 21:12:56,343 - INFO - 1 change detected
2026-08-17 21:12:56,695 - INFO - 1 change detected
2026-08-17 21:12:57,101 - INFO - 1 change detected
2026-08-17 21:12:57,510 - INFO - 1 change detected
2026-08-17 21:12:57,868 - INFO - 1 change detected
2026-08-17 21:12:58,276 - INFO - 1 change detected
2026-08-17 21:12:58,677 - INFO - 1 change detected
2026-08-17 21:12:59,084 - INFO - 1 change detected
2026-08-17 21:12:59,488 - INFO - 1 change detected
2026-08-17 21:12:59,892 - INFO - 1 change detected
2026-08-17 21:13:00,296 - INFO - 1 change detected
2026-08-17 21:13:00,703 - INFO - 1 change detected
2026-08-17 21:13:01,106 - INFO - 1 change detected
2026-08-17 21:13:01,458 - INFO - 1 change detected
2026-08-17 21:13:01,864 - INFO - 1 change detected
2026-08-17 21:13:02,268 - INFO - 1 change detected
2026-08-17 21:13:02,685 - INFO - 1 change detected
2026-08-17 21:13:03,095 - INFO - 1 change detected
2026-08-17 21:13:03,501 - INFO - 1 change detected
2026-08-17 21:13:03,905 - INFO - 1 change detected
2026-08-17 21:13:04,307 - INFO - 1 change detected
2026-08-17 21:13:04,660 - INFO - 1 change detected
2026-08-17 21:13:05,064 - INFO - 1 change detected
2026-08-17 21:13:05,471 - INFO - 1 change detected
2026-08-17 21:13:05,880 - INFO - 1 change detected
2026-08-17 21:13:06,286 - INFO - 1 change detected
2026-08-17 21:13:06,644 - INFO - 1 change detected
2026-08-17 21:13:07,063 - INFO - 1 change detected
2026-08-17 21:13:07,467 - INFO - 1 change detected
2026-08-17 21:13:07,820 - INFO - 1 change detected
2026-08-17 21:13:08,277 - INFO - 1 change detected
2026-08-17 21:13:08,629 - INFO - 1 change detected
2026-08-17 21:13:09,033 - INFO - 1 change detected
2026-08-17 21:13:09,444 - INFO - 1 change detected
2026-08-17 21:13:09,797 - INFO - 1 change detected
2026-08-17 21:13:10,203 - INFO - 1 change detected
2026-08-17 21:13:10,606 - INFO - 1 change detected
2026-08-17 21:13:11,015 - INFO - 1 change detected
2026-08-17 21:13:11,422 - INFO - 1 change detected
2026-08-17 21:13:11,828 - INFO - 1 change detected
2026-08-17 21:13:12,232 - INFO - 1 change detected
2026-08-17 21:13:12,639 - INFO - 1 change detected
2026-08-17 21:13:13,050 - INFO - 1 change detected
2026-08-17 21:13:13,457 - INFO - 1 change detected
2026-08-17 21:13:13,814 - INFO - 1 change detected
2026-08-17 21:13:14,220 - INFO - 1 change detected
2026-08-17 21:13:14,638 - INFO - 1 change detected
2026-08-17 21:13:15,052 - INFO - 1 change detected
2026-08-17 21:13:15,454 - INFO - 1 change detected
2026-08-17 21:13:15,856 - INFO - 1 change detected
2026-08-17 21:13:16,208 - INFO - 1 change detected
2026-08-17 21:13:16,613 - INFO - 1 change detected
2026-08-17 21:13:17,017 - INFO - 1 change detected
2026-08-17 21:13:17,418 - INFO - 1 change detected
2026-08-17 21:13:17,770 - INFO - 1 change detected
2026-08-17 21:13:18,178 - INFO - 1 change detected
2026-08-17 21:13:18,581 - INFO - 1 change detected
2026-08-17 21:13:18,983 - INFO - 1 change detected
2026-08-17 21:13:19,385 - INFO - 1 change detected
2026-08-17 21:13:19,789 - INFO - 1 change detected
2026-08-17 21:13:20,153 - INFO - 1 change detected
2026-08-17 21:13:20,556 - INFO - 1 change detected
2026-08-17 21:13:20,960 - INFO - 1 change detected
2026-08-17 21:13:21,363 - INFO - 1 change detected
2026-08-17 21:13:21,718 - INFO - 1 change detected
2026-08-17 21:13:22,127 - INFO - 1 change detected
2026-08-17 21:13:22,537 - INFO - 1 change detected
2026-08-17 21:13:22,899 - INFO - 1 change detected
2026-08-17 21:13:23,314 - INFO - 1 change detected
2026-08-17 21:13:23,722 - INFO - 1 change detected
2026-08-17 21:13:24,124 - INFO - 1 change detected
2026-08-17 21:13:24,532 - INFO - 1 change detected
2026-08-17 21:13:24,949 - INFO - 1 change detected
2026-08-17 21:13:25,353 - INFO - 1 change detected
2026-08-17 21:13:25,765 - INFO - 1 change detected
2026-08-17 21:13:26,170 - INFO - 1 change detected
2026-08-17 21:13:26,573 - INFO - 1 change detected
2026-08-17 21:13:26,975 - INFO - 1 change detected
2026-08-17 21:13:27,379 - INFO - 1 change detected
2026-08-17 21:13:27,735 - INFO - 1 change detected
2026-08-17 21:13:28,141 - INFO - 2 changes detected
2026-08-17 21:13:30,815 - INFO - 1 change detected
2026-08-17 21:13:34,206 - INFO - 5 changes detected
2026-08-17 21:14:02,132 - INFO - 1 change detected
2026-08-17 21:14:03,418 - INFO - 1 change detected
2026-08-17 21:14:04,991 - INFO - 5 changes detected
2026-08-17 21:14:27,480 - INFO - 1 change detected
2026-08-17 21:14:28,444 - INFO - 1 change detected
2026-08-17 21:14:29,710 - INFO - 5 changes detected
2026-08-17 21:15:48,516 - INFO - 1 change detected
2026-08-17 21:15:50,233 - INFO - 3 changes detected
2026-08-17 21:15:50,601 - INFO - 1 change detected
2026-08-17 21:15:59,120 - INFO - 1 change detected
2026-08-17 21:16:00,240 - INFO - 1 change detected
2026-08-17 21:18:47,435 - INFO - 1 change detected
2026-08-17 21:18:50,743 - INFO - 1 change detected
2026-08-17 21:18:56,892 - INFO - 3 changes detected
2026-08-17 21:18:57,255 - INFO - 1 change detected
2026-08-17 21:19:48,624 - INFO - 1 change detected
2026-08-17 21:19:51,616 - INFO - 5 changes detected
2026-08-17 21:19:53,954 - INFO - 1 change detected
2026-08-17 21:19:54,313 - INFO - 1 change detected
2026-08-17 21:19:54,726 - INFO - 1 change detected
2026-08-17 21:19:55,135 - INFO - 1 change detected
2026-08-17 21:19:55,541 - INFO - 1 change detected
2026-08-17 21:19:55,947 - INFO - 1 change detected
2026-08-17 21:19:56,298 - INFO - 1 change detected
2026-08-17 21:19:56,702 - INFO - 1 change detected
2026-08-17 21:19:57,104 - INFO - 1 change detected
2026-08-17 21:19:57,507 - INFO - 1 change detected
2026-08-17 21:19:57,911 - INFO - 1 change detected
2026-08-17 21:19:58,277 - INFO - 1 change detected
2026-08-17 21:19:58,679 - INFO - 1 change detected
2026-08-17 21:19:59,085 - INFO - 1 change detected
2026-08-17 21:19:59,487 - INFO - 1 change detected
2026-08-17 21:19:59,890 - INFO - 1 change detected
2026-08-17 21:20:00,251 - INFO - 1 change detected
2026-08-17 21:20:00,662 - INFO - 1 change detected
2026-08-17 21:20:01,069 - INFO - 1 change detected
2026-08-17 21:20:01,430 - INFO - 1 change detected
2026-08-17 21:20:01,844 - INFO - 1 change detected
2026-08-17 21:20:02,256 - INFO - 1 change detected
2026-08-17 21:20:02,667 - INFO - 1 change detected
2026-08-17 21:20:03,032 - INFO - 1 change detected
2026-08-17 21:20:03,440 - INFO - 1 change detected
2026-08-17 21:20:03,854 - INFO - 1 change detected
2026-08-17 21:20:04,265 - INFO - 1 change detected
2026-08-17 21:20:04,672 - INFO - 1 change detected
2026-08-17 21:20:05,084 - INFO - 1 change detected
2026-08-17 21:20:05,491 - INFO - 1 change detected
2026-08-17 21:20:05,853 - INFO - 1 change detected
2026-08-17 21:20:06,268 - INFO - 1 change detected
2026-08-17 21:20:06,678 - INFO - 1 change detected
2026-08-17 21:20:07,041 - INFO - 1 change detected
2026-08-17 21:20:07,456 - INFO - 1 change detected
2026-08-17 21:20:07,867 - INFO - 1 change detected
2026-08-17 21:20:08,229 - INFO - 1 change detected
2026-08-17 21:20:08,644 - INFO - 1 change detected
2026-08-17 21:20:09,055 - INFO - 1 change detected
2026-08-17 21:20:09,421 - INFO - 1 change detected
2026-08-17 21:20:09,835 - INFO - 1 change detected
2026-08-17 21:20:10,237 - INFO - 1 change detected
2026-08-17 21:20:10,647 - INFO - 1 change detected
2026-08-17 21:20:11,007 - INFO - 1 change detected
2026-08-17 21:20:11,421 - INFO - 1 change detected
2026-08-17 21:20:11,826 - INFO - 1 change detected
2026-08-17 21:20:12,239 - INFO - 1 change detected
2026-08-17 21:20:12,645 - INFO - 1 change detected
2026-08-17 21:20:13,051 - INFO - 1 change detected
2026-08-17 21:20:13,416 - INFO - 1 change detected
2026-08-17 21:20:13,831 - INFO - 1 change detected
2026-08-17 21:20:14,192 - INFO - 1 change detected
2026-08-17 21:20:14,606 - INFO - 1 change detected
2026-08-17 21:20:15,017 - INFO - 1 change detected
2026-08-17 21:20:15,423 - INFO - 1 change detected
2026-08-17 21:20:15,776 - INFO - 1 change detected
2026-08-17 21:20:16,193 - INFO - 1 change detected
2026-08-17 21:20:16,554 - INFO - 1 change detected
2026-08-17 21:20:16,968 - INFO - 1 change detected
2026-08-17 21:20:17,380 - INFO - 1 change detected
2026-08-17 21:20:17,745 - INFO - 1 change detected
2026-08-17 21:20:18,158 - INFO - 1 change detected
2026-08-17 21:20:18,562 - INFO - 1 change detected
2026-08-17 21:20:18,967 - INFO - 1 change detected
2026-08-17 21:20:19,374 - INFO - 1 change detected
2026-08-17 21:20:19,739 - INFO - 1 change detected
2026-08-17 21:20:20,154 - INFO - 1 change detected
2026-08-17 21:20:20,515 - INFO - 1 change detected
2026-08-17 21:20:20,925 - INFO - 1 change detected
2026-08-17 21:20:21,339 - INFO - 1 change detected
2026-08-17 21:20:21,751 - INFO - 1 change detected
2026-08-17 21:20:22,112 - INFO - 1 change detected
2026-08-17 21:20:22,527 - INFO - 1 change detected
2026-08-17 21:20:22,934 - INFO - 1 change detected
2026-08-17 21:20:23,346 - INFO - 1 change detected
2026-08-17 21:20:23,706 - INFO - 1 change detected
2026-08-17 21:20:24,109 - INFO - 1 change detected
2026-08-17 21:20:24,515 - INFO - 1 change detected
2026-08-17 21:20:24,919 - INFO - 1 change detected
2026-08-17 21:20:25,321 - INFO - 1 change detected
2026-08-17 21:20:25,729 - INFO - 1 change detected
2026-08-17 21:20:26,132 - INFO - 1 change detected
2026-08-17 21:20:26,490 - INFO - 1 change detected
2026-08-17 21:20:26,906 - INFO - 1 change detected
2026-08-17 21:20:27,321 - INFO - 1 change detected
2026-08-17 21:20:27,685 - INFO - 1 change detected
2026-08-17 21:20:28,100 - INFO - 1 change detected
2026-08-17 21:20:28,506 - INFO - 1 change detected
2026-08-17 21:20:28,913 - INFO - 1 change detected
2026-08-17 21:20:29,318 - INFO - 1 change detected
2026-08-17 21:20:29,682 - INFO - 1 change detected
2026-08-17 21:20:30,095 - INFO - 1 change detected
2026-08-17 21:20:30,498 - INFO - 1 change detected
2026-08-17 21:20:30,909 - INFO - 1 change detected
2026-08-17 21:20:31,322 - INFO - 1 change detected
2026-08-17 21:20:31,683 - INFO - 1 change detected
2026-08-17 21:20:32,100 - INFO - 1 change detected
2026-08-17 21:20:32,513 - INFO - 1 change detected
2026-08-17 21:20:32,922 - INFO - 1 change detected
2026-08-17 21:20:33,282 - INFO - 1 change detected
2026-08-17 21:20:33,696 - INFO - 1 change detected
2026-08-17 21:20:34,108 - INFO - 1 change detected
2026-08-17 21:20:34,471 - INFO - 1 change detected
2026-08-17 21:20:34,885 - INFO - 1 change detected
2026-08-17 21:20:35,296 - INFO - 1 change detected
2026-08-17 21:20:35,647 - INFO - 1 change detected
2026-08-17 21:20:36,059 - INFO - 1 change detected
2026-08-17 21:20:36,461 - INFO - 1 change detected
2026-08-17 21:20:36,873 - INFO - 1 change detected
2026-08-17 21:20:37,275 - INFO - 1 change detected
2026-08-17 21:20:37,680 - INFO - 1 change detected
2026-08-17 21:20:38,087 - INFO - 1 change detected
2026-08-17 21:20:38,448 - INFO - 1 change detected
2026-08-17 21:20:38,857 - INFO - 1 change detected
2026-08-17 21:20:39,266 - INFO - 1 change detected
2026-08-17 21:20:39,680 - INFO - 1 change detected
2026-08-17 21:20:40,090 - INFO - 1 change detected
2026-08-17 21:20:40,502 - INFO - 1 change detected
2026-08-17 21:20:40,863 - INFO - 1 change detected
2026-08-17 21:20:41,273 - INFO - 1 change detected
2026-08-17 21:20:41,685 - INFO - 1 change detected
2026-08-17 21:20:42,095 - INFO - 1 change detected
2026-08-17 21:20:42,511 - INFO - 1 change detected
2026-08-17 21:20:42,919 - INFO - 1 change detected
2026-08-17 21:20:43,326 - INFO - 1 change detected
2026-08-17 21:20:43,684 - INFO - 1 change detected
2026-08-17 21:20:44,097 - INFO - 1 change detected
2026-08-17 21:20:44,513 - INFO - 1 change detected
2026-08-17 21:20:44,875 - INFO - 1 change detected
2026-08-17 21:20:45,289 - INFO - 1 change detected
2026-08-17 21:20:45,706 - INFO - 1 change detected
2026-08-17 21:20:46,117 - INFO - 1 change detected
2026-08-17 21:20:46,472 - INFO - 1 change detected
2026-08-17 21:20:46,876 - INFO - 1 change detected
2026-08-17 21:20:47,279 - INFO - 1 change detected
2026-08-17 21:20:47,695 - INFO - 1 change detected
2026-08-17 21:20:48,097 - INFO - 1 change detected
2026-08-17 21:20:48,454 - INFO - 1 change detected
2026-08-17 21:20:48,870 - INFO - 1 change detected
2026-08-17 21:20:49,273 - INFO - 1 change detected
2026-08-17 21:20:49,637 - INFO - 1 change detected
2026-08-17 21:20:50,053 - INFO - 1 change detected
2026-08-17 21:20:50,415 - INFO - 1 change detected
2026-08-17 21:20:50,832 - INFO - 1 change detected
2026-08-17 21:20:51,236 - INFO - 1 change detected
2026-08-17 21:20:51,642 - INFO - 1 change detected
2026-08-17 21:20:52,054 - INFO - 1 change detected
2026-08-17 21:20:52,466 - INFO - 1 change detected
2026-08-17 21:20:52,880 - INFO - 1 change detected
2026-08-17 21:20:53,237 - INFO - 1 change detected
2026-08-17 21:20:53,639 - INFO - 1 change detected
2026-08-17 21:20:54,047 - INFO - 1 change detected
2026-08-17 21:20:54,450 - INFO - 1 change detected
2026-08-17 21:20:54,855 - INFO - 1 change detected
2026-08-17 21:20:55,257 - INFO - 1 change detected
2026-08-17 21:20:55,621 - INFO - 1 change detected
2026-08-17 21:20:56,035 - INFO - 1 change detected
2026-08-17 21:20:56,449 - INFO - 1 change detected
2026-08-17 21:20:56,810 - INFO - 1 change detected
2026-08-17 21:20:57,214 - INFO - 1 change detected
2026-08-17 21:20:57,623 - INFO - 1 change detected
2026-08-17 21:20:58,036 - INFO - 1 change detected
2026-08-17 21:20:58,399 - INFO - 1 change detected
2026-08-17 21:20:58,812 - INFO - 1 change detected
2026-08-17 21:20:59,215 - INFO - 1 change detected
2026-08-17 21:20:59,573 - INFO - 1 change detected
2026-08-17 21:20:59,989 - INFO - 1 change detected
2026-08-17 21:21:00,402 - INFO - 1 change detected
2026-08-17 21:21:00,764 - INFO - 1 change detected
2026-08-17 21:21:01,169 - INFO - 1 change detected
2026-08-17 21:21:01,575 - INFO - 1 change detected
2026-08-17 21:21:01,992 - INFO - 1 change detected
2026-08-17 21:21:02,401 - INFO - 1 change detected
2026-08-17 21:21:02,766 - INFO - 1 change detected
2026-08-17 21:21:03,182 - INFO - 1 change detected
2026-08-17 21:21:03,591 - INFO - 1 change detected
2026-08-17 21:21:03,951 - INFO - 1 change detected
2026-08-17 21:21:04,403 - INFO - 1 change detected
2026-08-17 21:21:04,765 - INFO - 1 change detected
2026-08-17 21:21:05,171 - INFO - 1 change detected
2026-08-17 21:21:05,580 - INFO - 1 change detected
2026-08-17 21:21:05,986 - INFO - 1 change detected
2026-08-17 21:21:06,393 - INFO - 1 change detected
2026-08-17 21:21:06,755 - INFO - 1 change detected
2026-08-17 21:21:07,167 - INFO - 1 change detected
2026-08-17 21:21:07,575 - INFO - 1 change detected
2026-08-17 21:21:07,936 - INFO - 1 change detected
2026-08-17 21:21:08,354 - INFO - 1 change detected
2026-08-17 21:21:08,759 - INFO - 1 change detected
2026-08-17 21:21:09,167 - INFO - 1 change detected
2026-08-17 21:21:09,525 - INFO - 1 change detected
2026-08-17 21:21:09,940 - INFO - 1 change detected
2026-08-17 21:21:10,346 - INFO - 1 change detected
2026-08-17 21:21:10,754 - INFO - 1 change detected
2026-08-17 21:21:11,159 - INFO - 1 change detected
2026-08-17 21:21:11,525 - INFO - 1 change detected
2026-08-17 21:21:11,939 - INFO - 1 change detected
2026-08-17 21:21:12,341 - INFO - 1 change detected
2026-08-17 21:21:12,698 - INFO - 1 change detected
2026-08-17 21:21:13,100 - INFO - 1 change detected
2026-08-17 21:21:13,502 - INFO - 1 change detected
2026-08-17 21:21:13,904 - INFO - 1 change detected
2026-08-17 21:21:14,311 - INFO - 1 change detected
2026-08-17 21:21:14,668 - INFO - 1 change detected
2026-08-17 21:21:15,082 - INFO - 1 change detected
2026-08-17 21:21:15,497 - INFO - 1 change detected
2026-08-17 21:21:15,860 - INFO - 1 change detected
2026-08-17 21:21:16,262 - INFO - 1 change detected
2026-08-17 21:21:16,665 - INFO - 1 change detected
2026-08-17 21:21:17,071 - INFO - 1 change detected
2026-08-17 21:21:17,482 - INFO - 1 change detected
2026-08-17 21:21:17,843 - INFO - 1 change detected
2026-08-17 21:21:18,249 - INFO - 1 change detected
2026-08-17 21:21:18,653 - INFO - 1 change detected
2026-08-17 21:21:19,056 - INFO - 1 change detected
2026-08-17 21:21:19,470 - INFO - 1 change detected
2026-08-17 21:21:19,880 - INFO - 1 change detected
2026-08-17 21:21:20,291 - INFO - 1 change detected
2026-08-17 21:21:20,707 - INFO - 1 change detected
2026-08-17 21:21:21,116 - INFO - 1 change detected
2026-08-17 21:21:21,478 - INFO - 1 change detected
2026-08-17 21:21:21,880 - INFO - 1 change detected
2026-08-17 21:21:22,290 - INFO - 1 change detected
2026-08-17 21:21:22,706 - INFO - 1 change detected
2026-08-17 21:21:23,108 - INFO - 1 change detected
2026-08-17 21:21:23,462 - INFO - 1 change detected
2026-08-17 21:21:23,876 - INFO - 1 change detected
2026-08-17 21:21:24,289 - INFO - 1 change detected
2026-08-17 21:21:24,652 - INFO - 1 change detected
2026-08-17 21:21:25,065 - INFO - 1 change detected
2026-08-17 21:21:25,482 - INFO - 1 change detected
2026-08-17 21:21:25,842 - INFO - 1 change detected
2026-08-17 21:21:26,248 - INFO - 1 change detected
2026-08-17 21:21:26,657 - INFO - 1 change detected
2026-08-17 21:21:27,067 - INFO - 1 change detected
2026-08-17 21:21:27,431 - INFO - 1 change detected
2026-08-17 21:21:27,847 - INFO - 1 change detected
2026-08-17 21:21:28,251 - INFO - 1 change detected
2026-08-17 21:21:28,653 - INFO - 1 change detected
2026-08-17 21:21:29,015 - INFO - 1 change detected
2026-08-17 21:21:29,418 - INFO - 1 change detected
2026-08-17 21:21:29,829 - INFO - 1 change detected
2026-08-17 21:21:30,234 - INFO - 1 change detected
2026-08-17 21:21:30,639 - INFO - 1 change detected
2026-08-17 21:21:31,001 - INFO - 1 change detected
2026-08-17 21:21:31,419 - INFO - 1 change detected
2026-08-17 21:21:31,778 - INFO - 1 change detected
2026-08-17 21:21:32,183 - INFO - 1 change detected
2026-08-17 21:21:32,592 - INFO - 1 change detected
2026-08-17 21:21:33,002 - INFO - 1 change detected
2026-08-17 21:21:33,367 - INFO - 1 change detected
2026-08-17 21:21:33,782 - INFO - 1 change detected
2026-08-17 21:21:34,198 - INFO - 1 change detected
2026-08-17 21:21:34,556 - INFO - 1 change detected
2026-08-17 21:21:34,970 - INFO - 1 change detected
2026-08-17 21:21:35,385 - INFO - 1 change detected
2026-08-17 21:21:35,798 - INFO - 1 change detected
2026-08-17 21:21:36,164 - INFO - 1 change detected
2026-08-17 21:21:36,577 - INFO - 1 change detected
2026-08-17 21:21:36,990 - INFO - 1 change detected
2026-08-17 21:21:37,401 - INFO - 1 change detected
2026-08-17 21:21:37,763 - INFO - 1 change detected
2026-08-17 21:21:38,167 - INFO - 1 change detected
2026-08-17 21:21:38,576 - INFO - 1 change detected
2026-08-17 21:21:38,978 - INFO - 1 change detected
2026-08-17 21:21:39,386 - INFO - 1 change detected
2026-08-17 21:21:39,789 - INFO - 1 change detected
2026-08-17 21:21:40,154 - INFO - 1 change detected
2026-08-17 21:21:40,561 - INFO - 1 change detected
2026-08-17 21:21:40,964 - INFO - 1 change detected
2026-08-17 21:21:41,367 - INFO - 1 change detected
2026-08-17 21:21:41,775 - INFO - 1 change detected
2026-08-17 21:21:42,132 - INFO - 1 change detected
2026-08-17 21:21:42,536 - INFO - 1 change detected
2026-08-17 21:21:42,942 - INFO - 1 change detected
2026-08-17 21:21:43,350 - INFO - 1 change detected
2026-08-17 21:21:43,755 - INFO - 1 change detected
2026-08-17 21:21:44,117 - INFO - 1 change detected
2026-08-17 21:21:44,521 - INFO - 1 change detected
2026-08-17 21:21:44,923 - INFO - 1 change detected
2026-08-17 21:21:45,276 - INFO - 1 change detected
2026-08-17 21:21:45,681 - INFO - 1 change detected
2026-08-17 21:21:46,089 - INFO - 1 change detected
2026-08-17 21:21:46,492 - INFO - 1 change detected
2026-08-17 21:21:46,843 - INFO - 1 change detected
2026-08-17 21:21:47,247 - INFO - 1 change detected
2026-08-17 21:21:47,651 - INFO - 1 change detected
2026-08-17 21:21:48,060 - INFO - 1 change detected
2026-08-17 21:21:48,463 - INFO - 1 change detected
2026-08-17 21:21:48,816 - INFO - 1 change detected
2026-08-17 21:21:49,221 - INFO - 1 change detected
2026-08-17 21:21:49,629 - INFO - 1 change detected
2026-08-17 21:21:49,995 - INFO - 1 change detected
2026-08-17 21:21:50,401 - INFO - 1 change detected
2026-08-17 21:21:50,812 - INFO - 1 change detected
2026-08-17 21:21:51,223 - INFO - 1 change detected
2026-08-17 21:21:51,585 - INFO - 1 change detected
2026-08-17 21:21:52,045 - INFO - 1 change detected
2026-08-17 21:21:52,404 - INFO - 1 change detected
2026-08-17 21:21:52,807 - INFO - 1 change detected
2026-08-17 21:21:53,215 - INFO - 1 change detected
2026-08-17 21:21:53,628 - INFO - 1 change detected
2026-08-17 21:21:54,034 - INFO - 1 change detected
2026-08-17 21:21:54,396 - INFO - 1 change detected
2026-08-17 21:21:54,809 - INFO - 1 change detected
2026-08-17 21:21:55,215 - INFO - 1 change detected
2026-08-17 21:21:55,619 - INFO - 1 change detected
2026-08-17 21:21:56,026 - INFO - 1 change detected
2026-08-17 21:21:56,388 - INFO - 1 change detected
2026-08-17 21:21:56,790 - INFO - 1 change detected
2026-08-17 21:21:57,192 - INFO - 1 change detected
2026-08-17 21:21:57,543 - INFO - 1 change detected
2026-08-17 21:21:57,899 - INFO - 1 change detected
2026-08-17 21:21:58,254 - INFO - 4 changes detected
2026-08-17 21:21:58,616 - INFO - 2 changes detected
2026-08-17 21:21:58,968 - INFO - 1 change detected
2026-08-17 21:21:59,322 - INFO - 1 change detected
2026-08-17 21:21:59,680 - INFO - 1 change detected
2026-08-17 21:22:00,091 - INFO - 1 change detected
2026-08-17 21:22:00,498 - INFO - 1 change detected
2026-08-17 21:22:00,855 - INFO - 1 change detected
2026-08-17 21:22:01,262 - INFO - 1 change detected
2026-08-17 21:22:01,664 - INFO - 1 change detected
2026-08-17 21:22:02,067 - INFO - 1 change detected
2026-08-17 21:22:02,473 - INFO - 1 change detected
2026-08-17 21:22:02,829 - INFO - 1 change detected
2026-08-17 21:22:03,233 - INFO - 1 change detected
2026-08-17 21:22:03,642 - INFO - 1 change detected
2026-08-17 21:22:04,044 - INFO - 1 change detected
2026-08-17 21:22:04,396 - INFO - 1 change detected
2026-08-17 21:22:04,804 - INFO - 1 change detected
2026-08-17 21:22:05,220 - INFO - 1 change detected
2026-08-17 21:22:05,585 - INFO - 1 change detected
2026-08-17 21:22:05,997 - INFO - 1 change detected
2026-08-17 21:22:06,403 - INFO - 1 change detected
2026-08-17 21:22:06,813 - INFO - 1 change detected
2026-08-17 21:22:07,177 - INFO - 1 change detected
2026-08-17 21:22:07,582 - INFO - 1 change detected
2026-08-17 21:22:07,996 - INFO - 1 change detected
2026-08-17 21:22:08,400 - INFO - 1 change detected
2026-08-17 21:22:08,811 - INFO - 1 change detected
2026-08-17 21:22:09,163 - INFO - 1 change detected
2026-08-17 21:22:09,574 - INFO - 1 change detected
2026-08-17 21:22:09,975 - INFO - 1 change detected
2026-08-17 21:22:10,376 - INFO - 1 change detected
2026-08-17 21:22:10,781 - INFO - 1 change detected
2026-08-17 21:22:11,193 - INFO - 1 change detected
2026-08-17 21:22:11,552 - INFO - 1 change detected
2026-08-17 21:22:11,958 - INFO - 1 change detected
2026-08-17 21:22:12,362 - INFO - 1 change detected
2026-08-17 21:22:12,768 - INFO - 1 change detected
2026-08-17 21:22:13,187 - INFO - 1 change detected
2026-08-17 21:22:13,591 - INFO - 1 change detected
2026-08-17 21:22:13,998 - INFO - 1 change detected
2026-08-17 21:22:14,457 - INFO - 1 change detected
2026-08-17 21:22:14,859 - INFO - 1 change detected
2026-08-17 21:22:15,262 - INFO - 1 change detected
2026-08-17 21:22:15,670 - INFO - 1 change detected
2026-08-17 21:22:16,073 - INFO - 1 change detected
2026-08-17 21:22:16,483 - INFO - 1 change detected
2026-08-17 21:22:16,889 - INFO - 1 change detected
2026-08-17 21:22:17,292 - INFO - 1 change detected
2026-08-17 21:22:17,706 - INFO - 1 change detected
2026-08-17 21:22:18,062 - INFO - 1 change detected
2026-08-17 21:22:18,477 - INFO - 1 change detected
2026-08-17 21:22:18,878 - INFO - 1 change detected
2026-08-17 21:22:19,282 - INFO - 1 change detected
2026-08-17 21:22:19,684 - INFO - 1 change detected
2026-08-17 21:22:20,089 - INFO - 1 change detected
2026-08-17 21:22:20,445 - INFO - 1 change detected
2026-08-17 21:22:20,852 - INFO - 1 change detected
2026-08-17 21:22:21,254 - INFO - 1 change detected
2026-08-17 21:22:21,616 - INFO - 1 change detected
2026-08-17 21:22:22,069 - INFO - 1 change detected
2026-08-17 21:22:22,475 - INFO - 1 change detected
2026-08-17 21:22:22,828 - INFO - 1 change detected
2026-08-17 21:22:23,234 - INFO - 1 change detected
2026-08-17 21:22:23,647 - INFO - 1 change detected
2026-08-17 21:22:24,054 - INFO - 1 change detected
2026-08-17 21:22:24,458 - INFO - 1 change detected
2026-08-17 21:22:24,816 - INFO - 1 change detected
2026-08-17 21:22:25,219 - INFO - 1 change detected
2026-08-17 21:22:25,631 - INFO - 1 change detected
2026-08-17 21:22:26,035 - INFO - 1 change detected
2026-08-17 21:22:26,437 - INFO - 1 change detected
2026-08-17 21:22:26,794 - INFO - 1 change detected
2026-08-17 21:22:27,199 - INFO - 1 change detected
2026-08-17 21:22:27,601 - INFO - 1 change detected
2026-08-17 21:22:28,006 - INFO - 1 change detected
2026-08-17 21:22:28,407 - INFO - 1 change detected
2026-08-17 21:22:28,766 - INFO - 1 change detected
2026-08-17 21:22:29,170 - INFO - 1 change detected
2026-08-17 21:22:29,533 - INFO - 1 change detected
2026-08-17 21:22:29,942 - INFO - 1 change detected
2026-08-17 21:22:30,348 - INFO - 1 change detected
2026-08-17 21:22:30,761 - INFO - 1 change detected
2026-08-17 21:22:31,218 - INFO - 1 change detected
2026-08-17 21:22:31,578 - INFO - 1 change detected
2026-08-17 21:22:31,983 - INFO - 1 change detected
2026-08-17 21:22:32,397 - INFO - 1 change detected
2026-08-17 21:22:32,760 - INFO - 1 change detected
2026-08-17 21:22:33,163 - INFO - 1 change detected
2026-08-17 21:22:33,566 - INFO - 1 change detected
2026-08-17 21:22:33,970 - INFO - 1 change detected
2026-08-17 21:22:34,386 - INFO - 1 change detected
2026-08-17 21:22:34,745 - INFO - 1 change detected
2026-08-17 21:22:35,205 - INFO - 1 change detected
2026-08-17 21:22:35,609 - INFO - 1 change detected
2026-08-17 21:22:35,968 - INFO - 1 change detected
2026-08-17 21:22:36,371 - INFO - 1 change detected
2026-08-17 21:22:36,786 - INFO - 1 change detected
2026-08-17 21:22:37,188 - INFO - 1 change detected
2026-08-17 21:22:37,600 - INFO - 1 change detected
2026-08-17 21:22:38,011 - INFO - 1 change detected
2026-08-17 21:22:38,421 - INFO - 1 change detected
2026-08-17 21:22:38,827 - INFO - 1 change detected
2026-08-17 21:22:39,228 - INFO - 1 change detected
2026-08-17 21:22:39,635 - INFO - 1 change detected
2026-08-17 21:22:40,038 - INFO - 1 change detected
2026-08-17 21:22:40,448 - INFO - 1 change detected
2026-08-17 21:22:40,806 - INFO - 1 change detected
2026-08-17 21:22:41,222 - INFO - 1 change detected
2026-08-17 21:22:41,585 - INFO - 1 change detected
2026-08-17 21:22:42,001 - INFO - 1 change detected
2026-08-17 21:22:42,417 - INFO - 1 change detected
2026-08-17 21:22:42,823 - INFO - 1 change detected
2026-08-17 21:22:43,226 - INFO - 1 change detected
2026-08-17 21:22:43,578 - INFO - 1 change detected
2026-08-17 21:22:43,983 - INFO - 1 change detected
2026-08-17 21:22:44,388 - INFO - 1 change detected
2026-08-17 21:22:44,796 - INFO - 1 change detected
2026-08-17 21:22:45,203 - INFO - 1 change detected
2026-08-17 21:22:45,607 - INFO - 1 change detected
2026-08-17 21:22:46,015 - INFO - 1 change detected
2026-08-17 21:22:46,377 - INFO - 1 change detected
2026-08-17 21:22:46,782 - INFO - 1 change detected
2026-08-17 21:22:47,198 - INFO - 1 change detected
2026-08-17 21:22:47,607 - INFO - 1 change detected
2026-08-17 21:22:48,010 - INFO - 1 change detected
2026-08-17 21:22:48,362 - INFO - 1 change detected
2026-08-17 21:22:48,767 - INFO - 1 change detected
2026-08-17 21:22:49,173 - INFO - 1 change detected
2026-08-17 21:22:49,580 - INFO - 1 change detected
2026-08-17 21:22:49,933 - INFO - 1 change detected
2026-08-17 21:22:50,338 - INFO - 1 change detected
2026-08-17 21:22:50,739 - INFO - 1 change detected
2026-08-17 21:22:51,142 - INFO - 1 change detected
2026-08-17 21:22:51,511 - INFO - 1 change detected
2026-08-17 21:22:51,923 - INFO - 1 change detected
2026-08-17 21:22:52,329 - INFO - 1 change detected
2026-08-17 21:22:52,683 - INFO - 1 change detected
2026-08-17 21:22:53,093 - INFO - 1 change detected
2026-08-17 21:22:53,547 - INFO - 1 change detected
2026-08-17 21:22:53,953 - INFO - 1 change detected
2026-08-17 21:22:54,357 - INFO - 1 change detected
2026-08-17 21:22:54,762 - INFO - 1 change detected
2026-08-17 21:22:55,125 - INFO - 1 change detected
2026-08-17 21:22:55,589 - INFO - 1 change detected
2026-08-17 21:22:56,005 - INFO - 1 change detected
2026-08-17 21:22:56,408 - INFO - 1 change detected
2026-08-17 21:22:56,815 - INFO - 1 change detected
2026-08-17 21:22:57,523 - INFO - 1 change detected
2026-08-17 21:22:57,938 - INFO - 1 change detected
2026-08-17 21:22:58,354 - INFO - 1 change detected
2026-08-17 21:22:58,760 - INFO - 1 change detected
2026-08-17 21:22:59,164 - INFO - 1 change detected
2026-08-17 21:22:59,573 - INFO - 1 change detected
2026-08-17 21:22:59,977 - INFO - 1 change detected
2026-08-17 21:23:00,381 - INFO - 1 change detected
2026-08-17 21:23:00,796 - INFO - 1 change detected
2026-08-17 21:23:01,163 - INFO - 1 change detected
2026-08-17 21:23:01,565 - INFO - 1 change detected
2026-08-17 21:23:01,970 - INFO - 1 change detected
2026-08-17 21:23:02,387 - INFO - 1 change detected
2026-08-17 21:23:02,806 - INFO - 1 change detected
2026-08-17 21:23:03,210 - INFO - 1 change detected
2026-08-17 21:23:03,566 - INFO - 1 change detected
2026-08-17 21:23:03,969 - INFO - 1 change detected
2026-08-17 21:23:04,372 - INFO - 1 change detected
2026-08-17 21:23:04,774 - INFO - 1 change detected
2026-08-17 21:23:05,180 - INFO - 1 change detected
2026-08-17 21:23:05,533 - INFO - 1 change detected
2026-08-17 21:23:05,943 - INFO - 1 change detected
2026-08-17 21:23:06,360 - INFO - 1 change detected
2026-08-17 21:23:06,725 - INFO - 1 change detected
2026-08-17 21:23:07,136 - INFO - 1 change detected
2026-08-17 21:23:07,544 - INFO - 1 change detected
2026-08-17 21:23:07,958 - INFO - 1 change detected
2026-08-17 21:23:08,366 - INFO - 1 change detected
2026-08-17 21:23:08,776 - INFO - 1 change detected
2026-08-17 21:23:09,137 - INFO - 1 change detected
2026-08-17 21:23:09,545 - INFO - 1 change detected
2026-08-17 21:23:09,948 - INFO - 1 change detected
2026-08-17 21:23:10,303 - INFO - 1 change detected
2026-08-17 21:23:10,718 - INFO - 1 change detected
2026-08-17 21:23:11,121 - INFO - 1 change detected
2026-08-17 21:23:11,525 - INFO - 1 change detected
2026-08-17 21:23:11,883 - INFO - 1 change detected
2026-08-17 21:23:12,291 - INFO - 1 change detected
2026-08-17 21:23:12,701 - INFO - 1 change detected
2026-08-17 21:23:13,066 - INFO - 1 change detected
2026-08-17 21:23:13,468 - INFO - 1 change detected
2026-08-17 21:23:13,821 - INFO - 1 change detected
2026-08-17 21:23:14,229 - INFO - 1 change detected
2026-08-17 21:23:14,637 - INFO - 1 change detected
2026-08-17 21:23:15,050 - INFO - 1 change detected
2026-08-17 21:23:15,413 - INFO - 1 change detected
2026-08-17 21:23:15,814 - INFO - 1 change detected
2026-08-17 21:23:16,268 - INFO - 1 change detected
2026-08-17 21:23:16,670 - INFO - 1 change detected
2026-08-17 21:23:17,022 - INFO - 1 change detected
2026-08-17 21:23:17,427 - INFO - 1 change detected
2026-08-17 21:23:17,829 - INFO - 1 change detected
2026-08-17 21:23:18,182 - INFO - 1 change detected
2026-08-17 21:23:18,592 - INFO - 1 change detected
2026-08-17 21:23:19,046 - INFO - 1 change detected
2026-08-17 21:23:19,410 - INFO - 1 change detected
2026-08-17 21:23:19,823 - INFO - 1 change detected
2026-08-17 21:23:20,187 - INFO - 1 change detected
2026-08-17 21:23:20,604 - INFO - 1 change detected
2026-08-17 21:23:21,021 - INFO - 1 change detected
2026-08-17 21:23:21,425 - INFO - 1 change detected
2026-08-17 21:23:21,829 - INFO - 1 change detected
2026-08-17 21:23:22,183 - INFO - 1 change detected
2026-08-17 21:23:22,599 - INFO - 1 change detected
2026-08-17 21:23:23,008 - INFO - 1 change detected
2026-08-17 21:23:23,417 - INFO - 1 change detected
2026-08-17 21:23:23,826 - INFO - 1 change detected
2026-08-17 21:23:24,242 - INFO - 1 change detected
2026-08-17 21:23:24,654 - INFO - 1 change detected
2026-08-17 21:23:25,021 - INFO - 1 change detected
2026-08-17 21:23:25,430 - INFO - 1 change detected
2026-08-17 21:23:25,988 - INFO - 1 change detected
2026-08-17 21:23:26,394 - INFO - 1 change detected
2026-08-17 21:23:26,800 - INFO - 1 change detected
2026-08-17 21:23:27,155 - INFO - 1 change detected
2026-08-17 21:23:27,557 - INFO - 1 change detected
2026-08-17 21:23:27,965 - INFO - 1 change detected
2026-08-17 21:23:28,372 - INFO - 1 change detected
2026-08-17 21:23:28,783 - INFO - 1 change detected
2026-08-17 21:23:29,140 - INFO - 1 change detected
2026-08-17 21:23:29,543 - INFO - 1 change detected
2026-08-17 21:23:29,946 - INFO - 1 change detected
2026-08-17 21:23:30,357 - INFO - 1 change detected
2026-08-17 21:23:30,760 - INFO - 2 changes detected
2026-08-17 21:23:32,140 - INFO - 1 change detected
2026-08-17 21:23:34,306 - INFO - 5 changes detected
2026-08-17 21:24:58,749 - INFO - 1 change detected
2026-08-17 21:24:59,709 - INFO - 3 changes detected
2026-08-17 21:25:00,062 - INFO - 1 change detected
2026-08-17 21:26:31,008 - INFO - 1 change detected
2026-08-17 21:26:31,360 - INFO - 1 change detected
2026-08-17 21:26:31,720 - INFO - 1 change detected
2026-08-17 21:26:32,134 - INFO - 1 change detected
2026-08-17 21:26:32,543 - INFO - 1 change detected
2026-08-17 21:26:32,948 - INFO - 1 change detected
2026-08-17 21:26:33,353 - INFO - 1 change detected
2026-08-17 21:26:33,716 - INFO - 1 change detected
2026-08-17 21:26:34,128 - INFO - 1 change detected
2026-08-17 21:26:34,536 - INFO - 1 change detected
2026-08-17 21:26:34,902 - INFO - 1 change detected
2026-08-17 21:26:35,319 - INFO - 1 change detected
2026-08-17 21:26:35,727 - INFO - 1 change detected
2026-08-17 21:26:36,134 - INFO - 1 change detected
2026-08-17 21:26:36,491 - INFO - 1 change detected
2026-08-17 21:26:36,899 - INFO - 1 change detected
2026-08-17 21:26:37,256 - INFO - 1 change detected
2026-08-17 21:26:37,661 - INFO - 1 change detected
2026-08-17 21:26:38,067 - INFO - 1 change detected
2026-08-17 21:26:38,479 - INFO - 1 change detected
2026-08-17 21:26:38,831 - INFO - 1 change detected
2026-08-17 21:26:39,238 - INFO - 1 change detected
2026-08-17 21:26:39,647 - INFO - 1 change detected
2026-08-17 21:26:39,998 - INFO - 1 change detected
2026-08-17 21:26:40,402 - INFO - 1 change detected
2026-08-17 21:26:40,806 - INFO - 1 change detected
2026-08-17 21:26:41,211 - INFO - 1 change detected
2026-08-17 21:26:41,617 - INFO - 1 change detected
2026-08-17 21:26:42,019 - INFO - 1 change detected
2026-08-17 21:26:42,432 - INFO - 1 change detected
2026-08-17 21:26:42,834 - INFO - 1 change detected
2026-08-17 21:26:43,246 - INFO - 1 change detected
2026-08-17 21:26:43,604 - INFO - 3 changes detected
2026-08-17 21:26:43,969 - INFO - 1 change detected
2026-08-17 21:26:44,325 - INFO - 1 change detected
2026-08-17 21:26:44,686 - INFO - 1 change detected
2026-08-17 21:26:45,051 - INFO - 1 change detected
2026-08-17 21:26:45,412 - INFO - 1 change detected
2026-08-17 21:26:45,772 - INFO - 1 change detected
2026-08-17 21:26:46,135 - INFO - 1 change detected
2026-08-17 21:26:46,492 - INFO - 1 change detected
2026-08-17 21:26:46,895 - INFO - 1 change detected
2026-08-17 21:26:47,302 - INFO - 1 change detected
2026-08-17 21:26:47,713 - INFO - 1 change detected
2026-08-17 21:26:48,073 - INFO - 1 change detected
2026-08-17 21:26:48,482 - INFO - 1 change detected
2026-08-17 21:26:48,898 - INFO - 1 change detected
2026-08-17 21:26:49,300 - INFO - 1 change detected
2026-08-17 21:26:49,702 - INFO - 1 change detected
2026-08-17 21:26:50,109 - INFO - 1 change detected
2026-08-17 21:26:50,520 - INFO - 1 change detected
2026-08-17 21:26:50,873 - INFO - 1 change detected
2026-08-17 21:26:51,279 - INFO - 1 change detected
2026-08-17 21:26:51,681 - INFO - 1 change detected
2026-08-17 21:26:52,087 - INFO - 1 change detected
2026-08-17 21:26:52,504 - INFO - 1 change detected
2026-08-17 21:26:52,916 - INFO - 1 change detected
2026-08-17 21:26:53,276 - INFO - 1 change detected
2026-08-17 21:26:53,687 - INFO - 1 change detected
2026-08-17 21:26:54,089 - INFO - 1 change detected
2026-08-17 21:26:54,499 - INFO - 1 change detected
2026-08-17 21:26:54,901 - INFO - 1 change detected
2026-08-17 21:26:55,308 - INFO - 1 change detected
2026-08-17 21:26:55,714 - INFO - 1 change detected
2026-08-17 21:26:56,127 - INFO - 1 change detected
2026-08-17 21:26:56,538 - INFO - 1 change detected
2026-08-17 21:26:56,947 - INFO - 1 change detected
2026-08-17 21:26:57,354 - INFO - 1 change detected
2026-08-17 21:26:57,762 - INFO - 1 change detected
2026-08-17 21:26:58,125 - INFO - 1 change detected
2026-08-17 21:26:58,528 - INFO - 1 change detected
2026-08-17 21:26:58,937 - INFO - 1 change detected
2026-08-17 21:26:59,347 - INFO - 1 change detected
2026-08-17 21:26:59,754 - INFO - 1 change detected
2026-08-17 21:27:00,159 - INFO - 1 change detected
2026-08-17 21:27:00,574 - INFO - 1 change detected
2026-08-17 21:27:00,939 - INFO - 1 change detected
2026-08-17 21:27:01,353 - INFO - 1 change detected
2026-08-17 21:27:01,756 - INFO - 1 change detected
2026-08-17 21:27:02,165 - INFO - 1 change detected
2026-08-17 21:27:02,573 - INFO - 1 change detected
2026-08-17 21:27:02,932 - INFO - 1 change detected
2026-08-17 21:27:03,344 - INFO - 1 change detected
2026-08-17 21:27:03,748 - INFO - 1 change detected
2026-08-17 21:27:04,164 - INFO - 1 change detected
2026-08-17 21:27:04,522 - INFO - 1 change detected
2026-08-17 21:27:04,938 - INFO - 1 change detected
2026-08-17 21:27:05,340 - INFO - 1 change detected
2026-08-17 21:27:05,742 - INFO - 1 change detected
2026-08-17 21:27:06,094 - INFO - 1 change detected
2026-08-17 21:27:06,505 - INFO - 1 change detected
2026-08-17 21:27:06,911 - INFO - 1 change detected
2026-08-17 21:27:07,313 - INFO - 1 change detected
2026-08-17 21:27:07,675 - INFO - 1 change detected
2026-08-17 21:27:08,079 - INFO - 1 change detected
2026-08-17 21:27:08,489 - INFO - 1 change detected
2026-08-17 21:27:08,900 - INFO - 1 change detected
2026-08-17 21:27:09,312 - INFO - 1 change detected
2026-08-17 21:27:09,715 - INFO - 1 change detected
2026-08-17 21:27:10,129 - INFO - 1 change detected
2026-08-17 21:27:10,534 - INFO - 1 change detected
2026-08-17 21:27:10,946 - INFO - 1 change detected
